{
  "N": 6,
  "opt_value": 0.11111808631311242,
  "tau_sol": 0.11111376000571482,
  "S_matrix": [
    [
      0.11111193130045101,
      -0.11111193130045094,
      9.673554742829076e-08,
      4.586361441210791e-08,
      3.457950335458815e-07,
      -4.5101459255648995e-08,
      1.7465444891157165e-07,
      1.1986577896421976e-07,
      1.6233440370903845e-07,
      -2.0657574131968417e-08,
      1.9446845728184218e-08,
      -7.804053063720122e-09,
      6.387175492743938e-07,
      -2.964226849259993e-05,
      -0.33329351019925185
    ],
    [
      -0.11111193130045094,
      0.11111193130045045,
      -9.673554686400994e-08,
      -4.58636143345193e-08,
      -3.457950328687445e-07,
      4.5101459382612186e-08,
      -1.7465444868585931e-07,
      -1.1986577890779166e-07,
      -1.6233440362439633e-07,
      2.0657574146075436e-08,
      -1.944684558711401e-08,
      7.80405317657629e-09,
      -6.387175491333236e-07,
      2.964226849262815e-05,
      0.3332935101992519
    ],
    [
      9.673554742829076e-08,
      -9.673554686400994e-08,
      8.636508032729591e-09,
      -3.2818153376660756e-09,
      5.149830489451274e-09,
      1.1103487368623547e-08,
      -1.0533988470401482e-08,
      -1.2114307747193399e-08,
      2.8357017517046813e-09,
      5.7268403711592504e-09,
      3.640999006429521e-09,
      -3.018710133023794e-08,
      -5.2958662001718975e-09,
      4.9130571593528465e-06,
      -5.1966848625594094e-06
    ],
    [
      4.586361441210791e-08,
      -4.58636143345193e-08,
      -3.2818153376660756e-09,
      8.181342584411628e-08,
      -3.5141687208790625e-08,
      -5.0983558204470114e-08,
      6.374887143929451e-09,
      6.406195646741245e-08,
      -2.6390210693585187e-08,
      2.966252104152648e-08,
      2.8130403197910358e-09,
      -1.2416140717105117e-07,
      2.1423456204636145e-08,
      3.2596281851058975e-06,
      -3.2326582678324952e-06
    ],
    [
      3.457950335458815e-07,
      -3.457950328687445e-07,
      5.149830489451274e-09,
      -3.5141687208790625e-08,
      1.675572792301992e-08,
      2.5868627811766008e-08,
      -7.2297277762969875e-09,
      -3.168630921523022e-08,
      1.2090968541698868e-08,
      -9.681881043790161e-09,
      5.681747109676819e-10,
      3.801029378416356e-08,
      -1.1574944721896715e-08,
      3.604706072700118e-06,
      -4.706579419697563e-06
    ],
    [
      -4.5101459255648995e-08,
      4.5101459382612186e-08,
      1.1103487368623547e-08,
      -5.0983558204470114e-08,
      2.5868627811766008e-08,
      4.143173688872426e-08,
      -1.494497123282387e-08,
      -5.01118413500941e-08,
      1.836187696818212e-08,
      -1.113370403245743e-08,
      2.1325509628151717e-09,
      3.978854556718178e-08,
      -1.7696799428344775e-08,
      8.443685300575069e-07,
      -7.979152194326824e-07
    ],
    [
      1.7465444891157165e-07,
      -1.7465444868585931e-07,
      -1.0533988470401482e-08,
      6.374887143929451e-09,
      -7.2297277762969875e-09,
      -1.494497123282387e-08,
      1.296884810651821e-08,
      1.6576184987181928e-08,
      -4.251259249174836e-09,
      -6.015968623456271e-09,
      -4.091232054089101e-09,
      3.3084531511714495e-08,
      6.270165649513592e-09,
      -8.270101239392625e-07,
      3.006286635845867e-07
    ],
    [
      1.1986577896421976e-07,
      -1.1986577890779166e-07,
      -1.2114307747193399e-08,
      6.406195646741245e-08,
      -3.168630921523022e-08,
      -5.01118413500941e-08,
      1.6576184987181928e-08,
      6.09223606141457e-08,
      -2.2705305637281767e-08,
      1.5495587393397818e-08,
      -1.7869823889931114e-09,
      -5.750012318171586e-08,
      2.1003093486394673e-08,
      1.837822112541845e-06,
      -2.0826875449669124e-06
    ],
    [
      1.6233440370903845e-07,
      -1.6233440362439633e-07,
      2.8357017517046813e-09,
      -2.6390210693585187e-08,
      1.2090968541698868e-08,
      1.836187696818212e-08,
      -4.251259249174836e-09,
      -2.2705305637281767e-08,
      8.92970744985658e-09,
      -8.153603492305332e-09,
      -3.3926614939400575e-10,
      3.245668755870373e-08,
      -7.107779620313794e-09,
      -4.790467271534239e-06,
      4.252527587114502e-06
    ],
    [
      -2.0657574131968417e-08,
      2.0657574146075436e-08,
      5.7268403711592504e-09,
      2.966252104152648e-08,
      -9.681881043790161e-09,
      -1.113370403245743e-08,
      -6.015968623456271e-09,
      1.5495587393397818e-08,
      -8.153603492305332e-09,
      1.6400280192459317e-08,
      4.217834751071928e-09,
      -7.345248306631239e-08,
      3.6697244206144114e-09,
      8.499007897781063e-06,
      -8.36624567685547e-06
    ],
    [
      1.9446845728184218e-08,
      -1.944684558711401e-08,
      3.640999006429521e-09,
      2.8130403197910358e-09,
      5.681747109676819e-10,
      2.1325509628151717e-09,
      -4.091232054089101e-09,
      -1.7869823889931114e-09,
      -3.3926614939400575e-10,
      4.217834751071928e-09,
      2.7791390135758678e-09,
      -1.862507267218466e-08,
      -4.678435725502936e-09,
      2.507238318564598e-05,
      -2.5116280505545198e-05
    ],
    [
      -7.804053063720122e-09,
      7.80405317657629e-09,
      -3.018710133023794e-08,
      -1.2416140717105117e-07,
      3.801029378416356e-08,
      3.978854556718178e-08,
      3.3084531511714495e-08,
      -5.750012318171586e-08,
      3.245668755870373e-08,
      -7.345248306631239e-08,
      -1.862507267218466e-08,
      3.3517600947843496e-07,
      -1.809588169767468e-08,
      5.0364777060141854e-08,
      -3.27761673515762e-07
    ],
    [
      6.387175492743938e-07,
      -6.387175491333236e-07,
      -5.2958662001718975e-09,
      2.1423456204636145e-08,
      -1.1574944721896715e-08,
      -1.7696799428344775e-08,
      6.270165649513592e-09,
      2.1003093486394673e-08,
      -7.107779620313794e-09,
      3.6697244206144114e-09,
      -4.678435725502936e-09,
      -1.809588169767468e-08,
      1.9579524725815357e-08,
      -7.84052824213034e-05,
      7.65154091555314e-05
    ],
    [
      -2.964226849259993e-05,
      2.964226849262815e-05,
      4.9130571593528465e-06,
      3.2596281851058975e-06,
      3.604706072700118e-06,
      8.443685300575069e-07,
      -8.270101239392625e-07,
      1.837822112541845e-06,
      -4.790467271534239e-06,
      8.499007897781063e-06,
      2.507238318564598e-05,
      5.0364777060141854e-08,
      -7.84052824213034e-05,
      0.5070793424651383,
      -0.5069102032559014
    ],
    [
      -0.33329351019925185,
      0.3332935101992519,
      -5.1966848625594094e-06,
      -3.2326582678324952e-06,
      -4.706579419697563e-06,
      -7.979152194326824e-07,
      3.006286635845867e-07,
      -2.0826875449669124e-06,
      4.252527587114502e-06,
      -8.36624567685547e-06,
      -2.5116280505545198e-05,
      -3.27761673515762e-07,
      7.65154091555314e-05,
      -0.5069102032559014,
      1.506672958561499
    ]
  ],
  "S_row_names": [
    "x_0",
    "x_star",
    "A(x_0)",
    "A(x_0.5)",
    "A(x_1)",
    "A(x_1.5)",
    "A(x_2)",
    "A(x_2.5)",
    "A(x_3)",
    "A(x_3.5)",
    "A(x_4)",
    "A(x_4.5)",
    "A(x_5)",
    "A(x_5.5)",
    "A(x_6)"
  ],
  "S_col_names": [
    "x_0",
    "x_star",
    "A(x_0)",
    "A(x_0.5)",
    "A(x_1)",
    "A(x_1.5)",
    "A(x_2)",
    "A(x_2.5)",
    "A(x_3)",
    "A(x_3.5)",
    "A(x_4)",
    "A(x_4.5)",
    "A(x_5)",
    "A(x_5.5)",
    "A(x_6)"
  ],
  "basis_vectors": [
    "x_0",
    "x_star",
    "A(x_0)",
    "A(x_0.5)",
    "A(x_1)",
    "A(x_1.5)",
    "A(x_2)",
    "A(x_2.5)",
    "A(x_3)",
    "A(x_3.5)",
    "A(x_4)",
    "A(x_4.5)",
    "A(x_5)",
    "A(x_5.5)",
    "A(x_6)"
  ],