{
  "N": 3,
  "opt_value": 0.444473454804387,
  "tau_sol": 0.44445903404189596,
  "S_matrix": [
    [
      0.4444591471517066,
      -0.44445914715170676,
      -2.8868333970992333e-06,
      -1.138556014235605e-06,
      -1.9312800225198125e-06,
      -6.933372971113939e-07,
      1.2660443150464006e-07,
      -8.70189824341629e-05,
      -0.666566388704006
    ],
    [
      -0.44445914715170676,
      0.4444591471517064,
      2.8868333967844e-06,
      1.1385560143030693e-06,
      1.9312800224748367e-06,
      6.933372971563701e-07,
      -1.266044314146877e-07,
      8.701898243420788e-05,
      0.666566388704006
    ],
    [
      -2.8868333970992333e-06,
      2.8868333967844e-06,
      1.044983139429457e-06,
      2.824081169616928e-07,
      -1.5516811736396396e-06,
      1.4136986447243731e-06,
      1.2078338276483253e-06,
      2.954432561722553e-05,
      -2.710546781894293e-05
    ],
    [
      -1.138556014235605e-06,
      1.1385560143030693e-06,
      2.824081169616928e-07,
      7.632185193893032e-08,
      -4.1928150588928733e-07,
      3.820185159691938e-07,
      3.262932009978359e-07,
      8.459150346752712e-06,
      -7.262356670149102e-06
    ],
    [
      -1.9312800225198125e-06,
      1.9312800224748367e-06,
      -1.5516811736396396e-06,
      -4.1928150588928733e-07,
      2.312741013842693e-06,
      -2.10414087833031e-06,
      -1.8118900502537523e-06,
      2.7088028393036795e-05,
      -2.1362810079935596e-05
    ],
    [
      -6.933372971113939e-07,
      6.933372971563701e-07,
      1.4136986447243731e-06,
      3.820185159691938e-07,
      -2.10414087833031e-06,
      1.9153495236495683e-06,
      1.6445378269001047e-06,
      -6.536881484384767e-07,
      -8.764200030097812e-07
    ],
    [
      1.2660443150464006e-07,
      -1.266044314146877e-07,
      1.2078338276483253e-06,
      3.262932009978359e-07,
      -1.8118900502537523e-06,
      1.6445378269001047e-06,
      1.4352990553447578e-06,
      -0.00011750457782509008,
      0.00011508555027985936
    ],
    [
      -8.70189824341629e-05,
      8.701898243420788e-05,
      2.954432561722553e-05,
      8.459150346752712e-06,
      2.7088028393036795e-05,
      -6.536881484384767e-07,
      -0.00011750457782509008,
      0.5874036127557484,
      -0.5871594396447312
    ],
    [
      -0.666566388704006,
      0.666566388704006,
      -2.710546781894293e-05,
      -7.262356670149102e-06,
      -2.1362810079935596e-05,
      -8.764200030097812e-07,
      0.00011508555027985936,
      -0.5871594396447312,
      1.586845881523493
    ]
  ],
  "S_row_names": [
    "x_0",
    "x_star",
    "A(x_0)",
    "A(x_0.5)",
    "A(x_1)",
    "A(x_1.5)",
    "A(x_2)",
    "A(x_2.5)",
    "A(x_3)"
  ],
  "S_col_names": [
    "x_0",
    "x_star",
    "A(x_0)",
    "A(x_0.5)",
    "A(x_1)",
    "A(x_1.5)",
    "A(x_2)",
    "A(x_2.5)",
    "A(x_3)"
  ],
  "basis_vectors": [
    "x_0",
    "x_star",
    "A(x_0)",
    "A(x_0.5)",
    "A(x_1)",
    "A(x_1.5)",
    "A(x_2)",
    "A(x_2.5)",
    "A(x_3)"
  ],
  "lambda_groups": {
    "Monotone Operator Inequality": {
      "matrix": [
        [
          0.0,
          2.935052097797207e-17,
          -1.594323277124357e-16,
          0.0,
          0.0,
          0.0,
          0.0
        ],
        [
          0.0,
          0.0,
          1.8740491626316442e-17,
          0.0,
          3.150130658470418e-06,
          0.6666377727277557,
          0.0
        ],
        [
          0.0,
          0.0,
          0.0,
          1.360165930884738e-17,
          0.0,
          0.0,
          0.0
        ],
        [
          0.0,
          0.0,
          0.0,
          2.582166743737289e-17,
          6.988237979847901e-05,
          1.9998428856815125,
          1.6287252227112272e-17
        ],
        [
          0.0,
          0.0,
          0.0,
          0.0,
          0.0,
          0.0,
          4.904185020080283e-18
        ],
        [
          0.0,
          0.0,
          0.0,
          0.0,
          0.0,
          0.0,
          0.0001741690694399789
        ],
        [
          0.0,
          0.0,
          0.0,
          0.0,
          0.0,
          0.0,
          1.333130594701919
        ]
      ],
      "row_names": [
        "x_0",
        "x_0.5",
        "x_1",
        "x_1.5",
        "x_2",
        "x_2.5",
        "x_3"
      ],
      "col_names": [
        "x_0.5",
        "x_1",
        "x_1.5",
        "x_2",
        "x_2.5",
        "x_3",
        "x_star"
      ]
    },
    "Lipschitz Continuous Inequality": {
      "matrix": [
        [
          0.22221396293746945,
          1.5740479334414749e-06,
          0.0,
          0.0,
          0.0,
          -3.81010320672237e-17,
          0.0
        ],
        [
          0.0,
          0.0,
          0.0,
          0.0,
          0.0,
          0.0,
          0.0
        ],
        [
          0.0,
          0.0,
          0.4999816847147547,
          0.0,
          0.0,
          0.0,
          0.0
        ],
        [
          0.0,
          0.0,
          0.0,
          5.9361922206110065e-06,
          0.0,
          0.0,
          0.0
        ],
        [
          0.0,
          0.0,
          0.0,
          0.0,
          0.00024227993719636446,
          1.9996878839524779,
          0.0
        ],
        [
          0.0,
          0.0,
          0.0,
          0.0,
          0.0,
          0.5871588730440943,
          0.0
        ],
        [
          0.0,
          0.0,
          0.0,
          0.0,
          0.0,
          0.0,
          0.0
        ]
      ],
      "row_names": [
        "x_0",
        "x_0.5",
        "x_1",
        "x_1.5",
        "x_2",
        "x_2.5",
        "x_3"
      ],
      "col_names": [
        "x_0.5",
        "x_1",
        "x_1.5",
        "x_2",
        "x_2.5",
        "x_3",
        "x_star"
      ]
    }
  }
}