{
  "N": 2,
  "opt_value": 1.000051522153896,
  "tau_sol": 1.000035293315879,
  "S_matrix": [
    [
      0.9982666564485914,
      -0.9982666564485901,
      0.0006591327019804112,
      0.00043917944355874317,
      0.0004401415771197887,
      -0.02588521204257881,
      -0.9732241198637589
    ],
    [
      -0.9982666564485901,
      0.9982666564485906,
      -0.00065913270198016,
      -0.00043917944355817943,
      -0.0004401415771194666,
      0.02588521204257881,
      0.9732241198637593
    ],
    [
      0.0006591327019804112,
      -0.00065913270198016,
      0.00022232522983462702,
      4.659762741447266e-07,
      -0.0004423557459679225,
      0.012940430936283331,
      -0.013157737642741658
    ],
    [
      0.00043917944355874317,
      -0.00043917944355817943,
      4.659762741447266e-07,
      1.9335308352592475e-07,
      -1.574562435201564e-07,
      -1.110497713578196e-06,
      -0.00043808879053786477
    ],
    [
      0.0004401415771197887,
      -0.0004401415771194666,
      -0.0004423557459679225,
      -1.574562435201564e-07,
      0.0008832252206095832,
      -0.025860255233851565,
      0.02453723754094834
    ],
    [
      -0.02588521204257881,
      0.02588521204257881,
      0.012940430936283331,
      -1.110497713578196e-06,
      -0.025860255233851565,
      0.7573405964978793,
      -0.7056001060813905
    ],
    [
      -0.9732241198637589,
      0.9732241198637593,
      -0.013157737642741658,
      -0.00043808879053786477,
      0.02453723754094834,
      -0.7056001060813905,
      1.65469431266884
    ]
  ],
  "S_row_names": [
    "x_0",
    "x_star",
    "A(x_0)",
    "A(x_0.5)",
    "A(x_1)",
    "A(x_1.5)",
    "A(x_2)"
  ],
  "S_col_names": [
    "x_0",
    "x_star",
    "A(x_0)",
    "A(x_0.5)",
    "A(x_1)",
    "A(x_1.5)",
    "A(x_2)"
  ],
  "basis_vectors": [
    "x_0",
    "x_star",
    "A(x_0)",
    "A(x_0.5)",
    "A(x_1)",
    "A(x_1.5)",
    "A(x_2)"
  ],
  "lambda_groups": {
    "Monotone Operator Inequality": {
      "matrix": [
        [
          0.0,
          0.0,
          0.0,
          0.0,
          0.0
        ],
        [
          0.0,
          0.0,
          0.0,
          1.9990699195746169,
          0.0
        ],
        [
          0.0,
          0.0,
          0.0,
          0.0,
          0.0
        ],
        [
          0.0,
          0.0,
          0.0,
          0.0,
          0.05176855089604323
        ],
        [
          0.0,
          0.0,
          0.0,
          0.0,
          1.9464463049517298
        ]
      ],
      "row_names": [
        "x_0",
        "x_0.5",
        "x_1",
        "x_1.5",
        "x_2"
      ],
      "col_names": [
        "x_0.5",
        "x_1",
        "x_1.5",
        "x_2",
        "x_star"
      ]
    },
    "Lipschitz Continuous Inequality": {
      "matrix": [
        [
          0.49954975035603666,
          0.0004382155531989549,
          0.0,
          0.0,
          0.0004478823068408977
        ],
        [
          0.0,
          0.00044639406816683613,
          0.0,
          0.00043694368053474365,
          0.0
        ],
        [
          0.0,
          0.0,
          0.05174355404628927,
          1.9482197821924006,
          0.0008792362782803293
        ],
        [
          0.0,
          0.0,
          0.0,
          0.7055982141566366,
          0.0
        ],
        [
          0.0,
          0.0,
          0.0,
          0.0,
          0.00044068151496350923
        ]
      ],
      "row_names": [
        "x_0",
        "x_0.5",
        "x_1",
        "x_1.5",
        "x_2"
      ],
      "col_names": [
        "x_0.5",
        "x_1",
        "x_1.5",
        "x_2",
        "x_star"
      ]
    }
  }
}