{
  "N": 4,
  "opt_value": 0.2500011995865052,
  "tau_sol": 0.25000007522244755,
  "S_matrix": [
    [
      0.2500000750503652,
      -0.25000007505036514,
      -1.3345674982745214e-08,
      -6.416598321683332e-09,
      -1.0246625862732657e-08,
      -2.884032498513319e-09,
      -8.953190721968022e-09,
      -1.191222967567284e-10,
      -2.904577515365754e-09,
      1.6096761240554362e-23,
      -0.4999990945128001
    ],
    [
      -0.25000007505036514,
      0.2500000750503652,
      1.3345675044033305e-08,
      6.416598141321233e-09,
      1.0246625899505514e-08,
      2.884032469620362e-09,
      8.95319074648326e-09,
      1.1912225166620383e-10,
      2.904577546885344e-09,
      1.9068679301946979e-19,
      0.4999990945128001
    ],
    [
      -1.3345674982745214e-08,
      1.3345675044033305e-08,
      7.132069065276321e-16,
      7.284527466591103e-16,
      6.72417919993025e-16,
      9.806094666564948e-17,
      2.801741333304271e-16,
      -1.8561536333140794e-16,
      -2.1013059999782032e-16,
      1.9426186175345882e-17,
      2.6691293689013576e-08
    ],
    [
      -6.416598321683332e-09,
      6.416598141321233e-09,
      7.284527466591103e-16,
      0.0,
      4.622873199952047e-16,
      9.806094666564948e-17,
      2.609121616639602e-16,
      2.801741333304271e-17,
      -2.6966760333053607e-16,
      -3.108517596197407e-17,
      1.2833169778169452e-08
    ],
    [
      -1.0246625862732657e-08,
      1.0246625899505514e-08,
      6.72417919993025e-16,
      4.622873199952047e-16,
      1.5849042367280714e-16,
      -1.6810447999825624e-16,
      3.362089599965125e-16,
      -3.2745351832993663e-16,
      -1.9612189333129896e-16,
      -2.480007478666595e-18,
      2.049320852786722e-08
    ],
    [
      -2.884032498513319e-09,
      2.884032469620362e-09,
      9.806094666564948e-17,
      9.806094666564948e-17,
      -1.6810447999825624e-16,
      1.1886781775460535e-16,
      1.6460230333162592e-16,
      1.1206965333217085e-16,
      -1.4008706666521356e-17,
      -2.0786967717722182e-17,
      5.768052927650301e-09
    ],
    [
      -8.953190721968022e-09,
      8.95319074648326e-09,
      2.801741333304271e-16,
      2.609121616639602e-16,
      3.362089599965125e-16,
      1.6460230333162592e-16,
      1.5849042367280714e-16,
      -1.6810447999825624e-16,
      8.405223999912812e-17,
      6.440120275931086e-17,
      1.7906343699227023e-08
    ],
    [
      -1.191222967567284e-10,
      1.1912225166620383e-10,
      -1.8561536333140794e-16,
      2.801741333304271e-17,
      -3.2745351832993663e-16,
      1.1206965333217085e-16,
      -1.6810447999825624e-16,
      1.5849042367280714e-16,
      -2.801741333304271e-17,
      3.078545674094306e-17,
      2.3824416821787785e-10
    ],
    [
      -2.904577515365754e-09,
      2.904577546885344e-09,
      -2.1013059999782032e-16,
      -2.6966760333053607e-16,
      -1.9612189333129896e-16,
      -1.4008706666521356e-17,
      8.405223999912812e-17,
      -2.801741333304271e-17,
      0.0,
      -3.470595163389063e-17,
      5.809142850161061e-09
    ],
    [
      1.6096761240554362e-23,
      1.9068679301946979e-19,
      1.9426186175345882e-17,
      -3.108517596197407e-17,
      -2.480007478666595e-18,
      -2.0786967717722182e-17,
      6.440120275931086e-17,
      3.078545674094306e-17,
      -3.470595163389063e-17,
      -2.8177314206513596e-30,
      -9.538472502884749e-20
    ],
    [
      -0.4999990945128001,
      0.4999990945128001,
      2.6691293689013576e-08,
      1.2833169778169452e-08,
      2.049320852786722e-08,
      5.768052927650301e-09,
      1.7906343699227023e-08,
      2.3824416821787785e-10,
      5.809142850161061e-09,
      -9.538472502884749e-20,
      0.9999960778541966
    ]
  ],
  "S_row_names": [
    "x_0",
    "x_star",
    "A(x_0)",
    "A(x_0.5)",
    "A(x_1)",
    "A(x_1.5)",
    "A(x_2)",
    "A(x_2.5)",
    "A(x_3)",
    "A(x_3.5)",
    "A(x_4)"
  ],
  "S_col_names": [
    "x_0",
    "x_star",
    "A(x_0)",
    "A(x_0.5)",
    "A(x_1)",
    "A(x_1.5)",
    "A(x_2)",
    "A(x_2.5)",
    "A(x_3)",
    "A(x_3.5)",
    "A(x_4)"
  ],
  "basis_vectors": [
    "x_0",
    "x_star",
    "A(x_0)",
    "A(x_0.5)",
    "A(x_1)",
    "A(x_1.5)",
    "A(x_2)",
    "A(x_2.5)",
    "A(x_3)",
    "A(x_3.5)",
    "A(x_4)"
  ],
  "lambda_groups": {
    "Monotone Operator Inequality": {
      "matrix": [
        [
          0.0,
          0.0,
          0.0,
          0.0,
          0.0,
          0.0,
          0.0,
          0.0,
          0.0
        ],
        [
          0.0,
          0.0,
          0.0,
          0.0,
          0.0,
          0.0,
          0.0,
          0.3333326272377577,
          0.0
        ],
        [
          0.0,
          0.0,
          0.0,
          0.0,
          0.0,
          0.0,
          0.0,
          0.0,
          0.0
        ],
        [
          0.0,
          0.0,
          0.0,
          0.0,
          0.0,
          0.0,
          0.0,
          0.6666653203219117,
          0.0
        ],
        [
          0.0,
          0.0,
          0.0,
          0.0,
          0.0,
          0.0,
          0.0,
          0.0,
          0.0
        ],
        [
          0.0,
          0.0,
          0.0,
          0.0,
          0.0,
          0.0,
          0.0,
          1.999996035915751,
          0.0
        ],
        [
          0.0,
          0.0,
          0.0,
          0.0,
          0.0,
          0.0,
          0.0,
          0.0,
          0.0
        ],
        [
          0.0,
          0.0,
          0.0,
          0.0,
          0.0,
          0.0,
          0.0,
          0.0,
          0.0
        ],
        [
          0.0,
          0.0,
          0.0,
          0.0,
          0.0,
          0.0,
          0.0,
          0.0,
          0.9999981881539312
        ]
      ],
      "row_names": [
        "x_0",
        "x_0.5",
        "x_1",
        "x_1.5",
        "x_2",
        "x_2.5",
        "x_3",
        "x_3.5",
        "x_4"
      ],
      "col_names": [
        "x_0.5",
        "x_1",
        "x_1.5",
        "x_2",
        "x_2.5",
        "x_3",
        "x_3.5",
        "x_4",
        "x_star"
      ]
    },
    "Lipschitz Continuous Inequality": {
      "matrix": [
        [
          0.12499972150719876,
          0.0,
          0.0,
          0.0,
          0.0,
          0.0,
          0.0,
          0.0,
          0.0
        ],
        [
          0.0,
          0.0,
          0.0,
          0.0,
          0.0,
          0.0,
          0.0,
          0.0,
          0.0
        ],
        [
          0.0,
          0.0,
          0.222221762626046,
          0.0,
          0.0,
          0.0,
          0.0,
          0.0,
          0.0
        ],
        [
          0.0,
          0.0,
          0.0,
          0.0,
          0.0,
          0.0,
          0.0,
          0.0,
          0.0
        ],
        [
          0.0,
          0.0,
          0.0,
          0.0,
          0.4999989997109679,
          0.0,
          0.0,
          0.0,
          0.0
        ],
        [
          0.0,
          0.0,
          0.0,
          0.0,
          0.0,
          0.0,
          0.0,
          0.0,
          0.0
        ],
        [
          0.0,
          0.0,
          0.0,
          0.0,
          0.0,
          0.0,
          0.0,
          1.9999960796860548,
          0.0
        ],
        [
          0.0,
          0.0,
          0.0,
          0.0,
          0.0,
          0.0,
          0.0,
          0.0,
          0.0
        ],
        [
          0.0,
          0.0,
          0.0,
          0.0,
          0.0,
          0.0,
          0.0,
          0.0,
          0.0
        ]
      ],
      "row_names": [
        "x_0",
        "x_0.5",
        "x_1",
        "x_1.5",
        "x_2",
        "x_2.5",
        "x_3",
        "x_3.5",
        "x_4"
      ],