{
  "N": 4,
  "opt_value": 0.2500004040056194,
  "tau_sol": 0.2500003952284553,
  "S_matrix": [
    [
      0.25000032839403263,
      -0.2500003283940331,
      2.023264234610772e-08,
      -1.1867713583578403e-07,
      1.1067989526375698e-08,
      -5.070416794012909e-08,
      -9.881181720960701e-08,
      -3.8155389065283365e-08,
      -1.1030407442502701e-07,
      -1.0899012174201084e-06,
      -0.4999989227192344
    ],
    [
      -0.2500003283940331,
      0.25000032839403313,
      -2.0232642278288038e-08,
      1.1867713597142339e-07,
      -1.1067989662015053e-08,
      5.0704167855354496e-08,
      9.881181714178733e-08,
      3.8155388861824344e-08,
      1.1030407422156797e-07,
      1.08990121711492e-06,
      0.4999989227192345
    ],
    [
      2.023264234610772e-08,
      -2.0232642278288038e-08,
      7.23165449746059e-08,
      2.3120627826552815e-08,
      -9.605274023371523e-08,
      5.083682903348893e-08,
      4.737396313962199e-08,
      1.3001795986027466e-09,
      1.3621884581511214e-08,
      2.522179093190063e-07,
      -3.679686204904863e-07
    ],
    [
      -1.1867713583578403e-07,
      1.1867713597142339e-07,
      2.3120627826552815e-08,
      7.3920910932041895e-09,
      -3.070942442190392e-08,
      1.6253293322139743e-08,
      1.51460704015761e-08,
      4.1569807948823923e-10,
      4.354517717165562e-09,
      -5.883455198250269e-08,
      2.7211907796877267e-07
    ],
    [
      1.1067989526375698e-08,
      -1.1067989662015053e-08,
      -9.605274023371523e-08,
      -3.070942442190392e-08,
      1.2757980083055834e-07,
      -6.752282378704419e-08,
      -6.292343453997678e-08,
      -1.726942577006881e-09,
      -1.809336427395125e-08,
      -4.2109610726144105e-07,
      4.989565706983542e-07
    ],
    [
      -5.070416794012909e-08,
      5.0704167855354496e-08,
      5.083682903348893e-08,
      1.6253293322139743e-08,
      -6.752282378704419e-08,
      3.573711168307636e-08,
      3.330279831110773e-08,
      9.14004746806628e-10,
      9.575827428522937e-09,
      1.6305403681175108e-07,
      -1.1456971561746705e-07
    ],
    [
      -9.881181720960701e-08,
      9.881181714178733e-08,
      4.737396313962199e-08,
      1.51460704015761e-08,
      -6.292343453997678e-08,
      3.330279831110773e-08,
      3.103471583056219e-08,
      8.517769212595141e-10,
      8.925766554313617e-09,
      6.231484283440273e-07,
      -4.748452879535336e-07
    ],
    [
      -3.8155389065283365e-08,
      3.8155388861824344e-08,
      1.3001795986027466e-09,
      4.1569807948823923e-10,
      -1.726942577006881e-09,
      9.14004746806628e-10,
      8.517769212595141e-10,
      2.33833691258609e-11,
      2.450552110183642e-10,
      3.238024648783257e-08,
      4.2576790606818834e-08
    ],
    [
      -1.1030407442502701e-07,
      1.1030407422156797e-07,
      1.3621884581511214e-08,
      4.354517717165562e-09,
      -1.809336427395125e-08,
      9.575827428522937e-09,
      8.925766554313617e-09,
      2.450552110183642e-10,
      2.5779283633964807e-09,
      2.622494443534459e-06,
      -2.416075266512886e-06
    ],
    [
      -1.0899012174201084e-06,
      1.08990121711492e-06,
      2.522179093190063e-07,
      -5.883455198250269e-08,
      -4.2109610726144105e-07,
      1.6305403681175108e-07,
      6.231484283440273e-07,
      3.238024648783257e-08,
      2.622494443534459e-06,
      0.5528181686299519,
      -0.5528178724735081
    ],
    [
      -0.4999989227192344,
      0.4999989227192345,
      -3.679686204904863e-07,
      2.7211907796877267e-07,
      4.989565706983542e-07,
      -1.1456971561746705e-07,
      -4.748452879535336e-07,
      4.2576790606818834e-08,
      -2.416075266512886e-06,
      -0.5528178724735081,
      1.5528163916054578
    ]
  ],
  "S_row_names": [
    "x_0",
    "x_star",
    "A(x_0)",
    "A(x_0.5)",
    "A(x_1)",
    "A(x_1.5)",
    "A(x_2)",
    "A(x_2.5)",
    "A(x_3)",
    "A(x_3.5)",
    "A(x_4)"
  ],
  "S_col_names": [
    "x_0",
    "x_star",
    "A(x_0)",
    "A(x_0.5)",
    "A(x_1)",
    "A(x_1.5)",
    "A(x_2)",
    "A(x_2.5)",
    "A(x_3)",
    "A(x_3.5)",
    "A(x_4)"
  ],
  "basis_vectors": [
    "x_0",
    "x_star",
    "A(x_0)",
    "A(x_0.5)",
    "A(x_1)",
    "A(x_1.5)",
    "A(x_2)",
    "A(x_2.5)",
    "A(x_3)",
    "A(x_3.5)",
    "A(x_4)"
  ],
  "lambda_groups": {
    "Monotone Operator Inequality": {
      "matrix": [
        [
          9.660597248524243e-17,
          0.0,
          0.0,
          0.0,
          0.0,
          0.0,
          0.0,
          0.0,
          0.0
        ],
        [
          0.0,
          0.0,
          0.0,
          0.0,
          0.0,
          0.0,
          0.0,
          0.33333357995055074,
          3.5428181380161116e-07
        ],
        [
          0.0,
          0.0,
          0.0,
          0.0,
          0.0,
          0.0,
          0.0,
          0.0,
          0.0
        ],
        [
          0.0,
          0.0,
          0.0,
          0.0,
          0.0,
          0.0,
          2.1033320927708675e-06,
          0.6666640990722031,
          5.667546346188808e-08
        ],
        [
          0.0,
          0.0,
          0.0,
          0.0,
          0.0,
          0.0,
          0.0,
          0.0,
          5.8800463679174644e-08
        ],
        [
          0.0,
          0.0,
          0.0,
          0.0,
          0.0,
          0.0,
          1.7968093431967234e-06,
          1.9999972503245798,
          0.0
        ],
        [
          0.0,
          0.0,
          0.0,
          0.0,
          0.0,
          0.0,
          0.0,
          0.0,
          0.0
        ],
        [
          0.0,
          0.0,
          0.0,
          0.0,
          0.0,
          0.0,
          0.0,
          0.0,
          2.1365527944968484e-06
        ],
        [
          0.0,
          0.0,
          0.0,
          0.0,
          0.0,
          0.0,
          0.0,
          0.0,
          0.9999977705623911
        ]
      ],
      "row_names": [
        "x_0",
        "x_0.5",
        "x_1",
        "x_1.5",
        "x_2",
        "x_2.5",
        "x_3",
        "x_3.5",
        "x_4"
      ],
      "col_names": [
        "x_0.5",
        "x_1",
        "x_1.5",
        "x_2",
        "x_2.5",
        "x_3",
        "x_3.5",
        "x_4",
        "x_star"
      ]
    },