{
  "N": 4,
  "opt_value": 0.250005743584715,
  "tau_sol": 0.2500070701947938,
  "basis_vectors": [
    "x_0",
    "x_star",
    "x_1",
    "grad_f(x_1)",
    "grad_h(x_0)",
    "x_2",
    "grad_f(x_2)",
    "x_3",
    "grad_f(x_3)",
    "x_4",
    "grad_f(x_4)",
    "grad_h(x_star)"
  ],
  "lambda_matrix": [
    [
      0.0,
      0.14618958879003446,
      0.060273776089170304,
      0.04354960305303388,
      0.0
    ],
    [
      0.0,
      0.0,
      0.2321736585060264,
      0.1640228081676577,
      0.0
    ],
    [
      0.0,
      0.0,
      0.0,
      0.542429718314714,
      0.0
    ],
    [
      0.0,
      0.0,
      0.0,
      0.0,
      0.0
    ],
    [
      0.2500070240165579,
      0.25000428776398437,
      0.2499971556839965,
      0.2499973498017298,
      0.0
    ]
  ],
  "lambda_row_names": [
    "x_1",
    "x_2",
    "x_3",
    "x_4",
    "x_star"
  ],
  "lambda_col_names": [
    "x_1",
    "x_2",
    "x_3",
    "x_4",
    "x_star"
  ],
  "lambda_f_matrix": [
    [
      0.0,
      0.14618958879003446,
      0.060273776089170304,
      0.04354960305303388,
      0.0
    ],
    [
      0.0,
      0.0,
      0.2321736585060264,
      0.1640228081676577,
      0.0
    ],
    [
      0.0,
      0.0,
      0.0,
      0.542429718314714,
      0.0
    ],
    [
      0.0,
      0.0,
      0.0,
      0.0,
      0.0
    ],
    [
      0.2500070240165579,
      0.25000428776398437,
      0.2499971556839965,
      0.2499973498017298,
      0.0
    ]
  ],
  "lambda_f_row_names": [
    "x_1",
    "x_2",
    "x_3",
    "x_4",
    "x_star"
  ],
  "lambda_f_col_names": [
    "x_1",
    "x_2",
    "x_3",
    "x_4",
    "x_star"
  ],
  "lambda_h_matrix": [
    [
      0.0,
      0.0,
      0.0,
      0.0,
      0.0,
      0.0
    ],
    [
      0.25001358885950514,
      0.0,
      0.08591357545384731,
      0.016725018798138515,
      0.04355083334149343,
      0.0
    ],
    [
      -1.963709287043669e-17,
      0.3962025648564109,
      0.0,
      0.06815132432068101,
      0.1640226746910397,
      0.0
    ],
    [
      0.0,
      0.0,
      0.5424569359672811,
      0.0,
      0.5424237602655995,
      0.0
    ],
    [
      0.0,
      0.0,
      0.0,
      0.999996687976601,
      0.0,
      0.0
    ],
    [
      0.0,
      -4.501823389744017e-18,
      0.0,
      0.0,
      0.2500002161409499,
      0.0
    ]
  ],
  "lambda_h_row_names": [
    "x_0",
    "x_1",
    "x_2",
    "x_3",
    "x_4",
    "x_star"
  ],
  "lambda_h_col_names": [
    "x_0",
    "x_1",
    "x_2",
    "x_3",
    "x_4",
    "x_star"
  ],
  "S_matrix": [
    [
      -1.0100779255473356e-16,
      1.111029034393229e-16,
      5.951941255678014e-17,
      -1.111029034393229e-16,
      -4.761553004542411e-17,
      6.770333178333741e-17,
      -1.3491066846203496e-16,
      1.9443008101881511e-16,
      -3.1743686696949405e-17,
      -1.8252619850745907e-16,
      7.935921674237351e-18,
      8.729513841661086e-17
    ],
    [
      1.111029034393229e-16,
      6.284929314516754e-16,
      -2.301417285528832e-16,
      -5.555145171966145e-17,
      -4.0671598580466426e-17,
      4.761553004542411e-17,
      2.4204561106423924e-16,
      -1.7657425725178107e-16,
      3.1743686696949406e-16,
      -3.1743686696949406e-16,
      -2.777572585983073e-16,
      -7.935921674237351e-18
    ],
    [
      5.951941255678014e-17,
      -2.301417285528832e-16,
      3.59138817972386e-16,
      -1.0316698176508557e-16,
      9.523106009084822e-17,
      5.951941255678014e-17,
      -7.935921674237351e-18,
      9.523106009084822e-17,
      9.523106009084822e-17,
      -6.348737339389881e-17,
      2.87677160691104e-16,
      -1.7459027683322172e-16
    ],
    [
      -1.111029034393229e-16,
      -5.555145171966145e-17,
      -1.0316698176508557e-16,
      -4.489235224654825e-17,
      0.0,
      2.222058068786458e-16,
      3.1743686696949405e-17,
      2.5791745441271392e-17,
      1.5871843348474703e-16,
      -4.1266792706034227e-16,
      4.1663588789746094e-17,
      8.729513841661086e-17
    ],
    [
      -4.761553004542411e-17,
      -4.0671598580466426e-17,
      9.523106009084822e-17,
      0.0,
      0.0,
      8.927911883517021e-18,
      -6.348737339389881e-17,
      1.5871843348474702e-17,
      0.0,
      -4.761553004542411e-17,
      4.444116137572916e-16,
      -7.935921674237351e-17
    ],
    [
      6.770333178333741e-17,
      4.761553004542411e-17,
      5.951941255678014e-17,
      2.222058068786458e-16,
      8.927911883517021e-18,
      0.0,
      3.967960837118676e-17,
      1.4086260971771299e-16,
      2.5394949357559524e-16,
      -5.078989871511905e-16,
      -2.837091998539853e-16,
      -4.46395594175851e-17
    ],
    [
      -1.3491066846203496e-16,
      2.4204561106423924e-16,
      -7.935921674237351e-18,
      3.1743686696949405e-17,
      -6.348737339389881e-17,
      3.967960837118676e-17,
      -1.79569408986193e-16,
      1.2697474678779762e-16,
      -1.5871843348474702e-17,
      -3.3330871031796875e-16,
      1.111029034393229e-16,
      1.1903882511356027e-16
    ],
    [
      1.9443008101881511e-16,
      -1.7657425725178107e-16,
      9.523106009084822e-17,
      2.5791745441271392e-17,
      1.5871843348474702e-17,
      1.4086260971771299e-16,
      1.2697474678779762e-16,
      1.3467705673964474e-16,
      3.9679608371186757e-16,
      -2.8569318027254467e-16,
      -1.884781397631371e-16,
      -9.523106009084822e-17
    ],
    [
      -3.1743686696949405e-17,
      3.1743686696949406e-16,
      9.523106009084822e-17,
      1.5871843348474703e-16,
      0.0,
      2.5394949357559524e-16,
      -1.5871843348474702e-17,
      3.9679608371186757e-16,
      7.18277635944772e-16,
      -1.333234841271875e-15,
      -2.8569318027254467e-16,
      -2.3807765022712055e-17
    ],
    [
      -1.8252619850745907e-16,
      -3.1743686696949406e-16,
      -6.348737339389881e-17,
      -4.1266792706034227e-16,
      -4.761553004542411e-17,
      -5.078989871511905e-16,
      -3.3330871031796875e-16,
      -2.8569318027254467e-16,
      -1.333234841271875e-15,
      1.616124680875737e-15,
      4.950031144305548e-16,
      2.222058068786458e-16
    ],
    [
      7.935921674237351e-18,
      -2.777572585983073e-16,
      2.87677160691104e-16,
      4.1663588789746094e-17,
      4.444116137572916e-16,
      -2.837091998539853e-16,
      1.111029034393229e-16,
      -1.884781397631371e-16,
      -2.8569318027254467e-16,
      4.950031144305548e-16,
      7.18277635944772e-16,
      -2.5394949357559524e-16
    ],
    [
      8.729513841661086e-17,
      -7.935921674237351e-18,
      -1.7459027683322172e-16,
      8.729513841661086e-17,
      -7.935921674237351e-17,
      -4.46395594175851e-17,
      1.1903882511356027e-16,
      -9.523106009084822e-17,
      -2.3807765022712055e-17,
      2.222058068786458e-16,
      -2.5394949357559524e-16,
      0.0
    ]
  ],
  "S_row_names": [
    "x_0",
    "x_star",
    "x_1",
    "grad_f(x_1)",
    "grad_h(x_0)",
    "x_2",
    "grad_f(x_2)",
    "x_3",
    "grad_f(x_3)",
    "x_4",
    "grad_f(x_4)",
    "grad_h(x_star)"
  ],
  "S_col_names": [
    "x_0",
    "x_star",
    "x_1",
    "grad_f(x_1)",
    "grad_h(x_0)",
    "x_2",
    "grad_f(x_2)",
    "x_3",
    "grad_f(x_3)",
    "x_4",
    "grad_f(x_4)",
    "grad_h(x_star)"
  ]
}