{
  "N": 4,
  "opt_value": 0.24999854770492272,
  "tau_sol": 0.2500002757603839,
  "basis_vectors": [
    "x_0",
    "x_star",
    "x_1",
    "grad_f(x_1)",
    "grad_h(x_0)",
    "x_2",
    "grad_f(x_2)",
    "x_3",
    "grad_f(x_3)",
    "x_4",
    "grad_f(x_4)",
    "grad_h(x_star)"
  ],
  "lambda_matrix": [
    [
      0.0,
      0.24999951278941854,
      0.0,
      0.0,
      0.0
    ],
    [
      0.0,
      0.0,
      0.4999996243673937,
      0.0,
      0.0
    ],
    [
      0.0,
      0.0,
      0.0,
      0.7499995975704338,
      0.0
    ],
    [
      0.0,
      0.0,
      0.0,
      0.0,
      0.0
    ],
    [
      0.24999951279814672,
      0.2500001115705355,
      0.24999997321070505,
      0.25000040242734056,
      0.0
    ]
  ],
  "lambda_row_names": [
    "x_1",
    "x_2",
    "x_3",
    "x_4",
    "x_star"
  ],
  "lambda_col_names": [
    "x_1",
    "x_2",
    "x_3",
    "x_4",
    "x_star"
  ],
  "lambda_f_matrix": [
    [
      0.0,
      0.24999951278941854,
      0.0,
      0.0,
      0.0
    ],
    [
      0.0,
      0.0,
      0.4999996243673937,
      0.0,
      0.0
    ],
    [
      0.0,
      0.0,
      0.0,
      0.7499995975704338,
      0.0
    ],
    [
      0.0,
      0.0,
      0.0,
      0.0,
      0.0
    ],
    [
      0.24999951279814672,
      0.2500001115705355,
      0.24999997321070505,
      0.25000040242734056,
      0.0
    ]
  ],
  "lambda_f_row_names": [
    "x_1",
    "x_2",
    "x_3",
    "x_4",
    "x_star"
  ],
  "lambda_f_col_names": [
    "x_1",
    "x_2",
    "x_3",
    "x_4",
    "x_star"
  ],
  "lambda_h_matrix": [
    [
      0.0,
      0.0,
      0.0,
      0.0,
      0.0,
      0.0
    ],
    [
      0.250000275760179,
      0.0,
      0.24999883738690887,
      0.0,
      0.0,
      0.0
    ],
    [
      0.0,
      0.4999991131433653,
      0.0,
      0.5000001871168147,
      0.0,
      0.0
    ],
    [
      0.0,
      0.0,
      0.7500004628824761,
      0.0,
      0.749999342808677,
      0.0
    ],
    [
      0.0,
      0.0,
      0.0,
      0.9999996185640456,
      0.0,
      0.0
    ],
    [
      0.0,
      0.0,
      0.0,
      0.0,
      0.2500002757573558,
      0.0
    ]
  ],
  "lambda_h_row_names": [
    "x_0",
    "x_1",
    "x_2",
    "x_3",
    "x_4",
    "x_star"
  ],
  "lambda_h_col_names": [
    "x_0",
    "x_1",
    "x_2",
    "x_3",
    "x_4",
    "x_star"
  ],
  "S_matrix": [
    [
      -2.6539594171402402e-21,
      -3.127721168089601e-22,
      -1.5638605840448005e-22,
      5.72702850602344e-26,
      1.2510884672358404e-21,
      6.255442336179202e-22,
      2.8253340629715637e-24,
      1.2510884672358404e-21,
      -3.7225685289152357e-25,
      1.0947024088313606e-21,
      -6.108830406425002e-25,
      0.0
    ],
    [
      -3.127721168089601e-22,
      1.5073923311347575e-15,
      -3.689610020494562e-16,
      1.8832384479607662e-16,
      -2.276668238252421e-16,
      2.3572508464270817e-16,
      8.711579215056605e-17,
      5.508792738932853e-16,
      -1.3323591740674808e-16,
      -5.739393365213764e-16,
      -2.972185849842842e-16,
      0.0
    ],
    [
      -1.5638605840448005e-22,
      -3.689610020494562e-16,
      4.638130249645407e-16,
      6.661795870337404e-17,
      3.113859107872629e-16,
      -4.868235443708103e-17,
      5.636904197977804e-17,
      1.742315843011321e-16,
      8.199133378876804e-17,
      4.0995666894384025e-16,
      -5.534415030741843e-16,
      0.0
    ],
    [
      5.72702850602344e-26,
      1.8832384479607662e-16,
      6.661795870337404e-17,
      -6.377429093262435e-16,
      1.9720438350863343e-17,
      3.0746750170788016e-17,
      -2.4597400136630413e-16,
      -1.7935604266293012e-17,
      2.331628554618091e-16,
      -1.2298700068315207e-16,
      2.3572508464270817e-16,
      0.0
    ],
    [
      1.2510884672358404e-21,
      -2.276668238252421e-16,
      3.113859107872629e-16,
      1.9720438350863343e-17,
      1.563323641197849e-16,
      6.402445231079414e-19,
      4.5545875649720773e-17,
      1.3135365480779176e-16,
      1.478836611811453e-16,
      6.397866247289331e-16,
      9.886101068097613e-18,
      0.0
    ],
    [
      6.255442336179202e-22,
      2.3572508464270817e-16,
      -4.868235443708103e-17,
      3.0746750170788016e-17,
      6.402445231079414e-19,
      -7.247078515070949e-16,
      3.5871208532586023e-17,
      -1.0248916723596006e-16,
      1.5181207896826585e-16,
      3.2796533515507214e-16,
      5.995616283303664e-16,
      0.0
    ],
    [
      2.8253340629715637e-24,
      8.711579215056605e-17,
      5.636904197977804e-17,
      -2.4597400136630413e-16,
      4.5545875649720773e-17,
      3.5871208532586023e-17,
      -2.8988314060283795e-16,
      3.5871208532586023e-17,
      1.6398266757753607e-16,
      8.199133378876804e-17,
      -2.306006262809101e-16,
      0.0
    ],
    [
      1.2510884672358404e-21,
      5.508792738932853e-16,
      1.742315843011321e-16,
      -1.7935604266293012e-17,
      1.3135365480779176e-16,
      -1.0248916723596006e-16,
      3.5871208532586023e-17,
      -6.377429093262435e-16,
      2.1714892308119037e-16,
      5.329436696269923e-16,
      -4.663257109236182e-16,
      0.0
    ],
    [
      -3.7225685289152357e-25,
      -1.3323591740674808e-16,
      8.199133378876804e-17,
      2.331628554618091e-16,
      1.478836611811453e-16,
      1.5181207896826585e-16,
      1.6398266757753607e-16,
      2.1714892308119037e-16,
      4.638130249645407e-16,
      -1.0505139641685907e-16,
      3.894588354966482e-16,
      0.0
    ],
    [
      1.0947024088313606e-21,
      -5.739393365213764e-16,
      4.0995666894384025e-16,
      -1.2298700068315207e-16,
      6.397866247289331e-16,
      3.2796533515507214e-16,
      8.199133378876804e-17,
      5.329436696269923e-16,
      -1.0505139641685907e-16,
      -1.3914390748936223e-15,
      6.149350034157603e-16,
      0.0
    ],
    [
      -6.108830406425002e-25,
      -2.972185849842842e-16,
      -5.534415030741843e-16,
      2.3572508464270817e-16,
      9.886101068097613e-18,
      5.995616283303664e-16,
      -2.306006262809101e-16,
      -4.663257109236182e-16,
      3.894588354966482e-16,
      6.149350034157603e-16,
      -2.087158612340433e-15,
      0.0
    ],
    [
      0.0,
      0.0,
      0.0,
      0.0,
      0.0,
      0.0,
      0.0,
      0.0,
      0.0,
      0.0,
      0.0,
      0.0
    ]
  ],
  "S_row_names": [
    "x_0",
    "x_star",
    "x_1",
    "grad_f(x_1)",
    "grad_h(x_0)",
    "x_2",
    "grad_f(x_2)",
    "x_3",
    "grad_f(x_3)",
    "x_4",
    "grad_f(x_4)",
    "grad_h(x_star)"
  ],
  "S_col_names": [
    "x_0",
    "x_star",
    "x_1",
    "grad_f(x_1)",
    "grad_h(x_0)",
    "x_2",
    "grad_f(x_2)",
    "x_3",
    "grad_f(x_3)",
    "x_4",
    "grad_f(x_4)",
    "grad_h(x_star)"
  ],
  "relaxed_constraints": [
    "f:x_1,x_3",
    "f:x_1,x_4",
    "f:x_1,x_star",
    "f:x_2,x_1",
    "f:x_2,x_4",
    "f:x_2,x_star",
    "f:x_3,x_1",
    "f:x_3,x_2",
    "f:x_3,x_star",
    "f:x_4,x_1",
    "f:x_4,x_2",
    "f:x_4,x_3",
    "f:x_4,x_star",
    "h:x_0,x_1",
    "h:x_0,x_2",
    "h:x_0,x_3",
    "h:x_0,x_4",
    "h:x_0,x_star",
    "h:x_1,x_3",
    "h:x_1,x_4",
    "h:x_1,x_star",
    "h:x_2,x_0",
    "h:x_2,x_4",
    "h:x_2,x_star",
    "h:x_3,x_0",
    "h:x_3,x_1",
    "h:x_3,x_star",
    "h:x_4,x_0",
    "h:x_4,x_1",
    "h:x_4,x_2",
    "h:x_4,x_star",
    "h:x_star,x_0",
    "h:x_star,x_1",
    "h:x_star,x_2",
    "h:x_star,x_3"
  ]
}