{
  "N": 4,
  "opt_value": 0.06249988977748486,
  "tau_sol": 0.06249998468500923,
  "relaxed_constraints": [],
  "lambda_f": {
    "matrix": [
      [
        0.0,
        0.05172842975344768,
        0.05137502156675693,
        0.023265877957944867,
        0.00015375589683423664,
        0.0
      ],
      [
        0.0006383034512772127,
        0.0,
        0.05066463420031109,
        0.0802287917688364,
        0.0708800521647227,
        0.0
      ],
      [
        0.00023536991939944655,
        2.6441412330347684e-06,
        0.0,
        0.08184910584174382,
        0.22082439568167278,
        0.0
      ],
      [
        2.3766364180288593e-05,
        1.2576093174272545e-05,
        0.010144468430363434,
        0.0,
        0.49235600395640305,
        0.0
      ],
      [
        0.0015463744548965808,
        0.000744151955632264,
        0.000273544534179606,
        0.06846513637675088,
        0.0,
        0.0
      ],
      [
        0.12407926098638215,
        0.14992402048759546,
        0.19045387305059064,
        0.24872788169573373,
        0.2868150408835178,
        0.0
      ]
    ],
    "row_names": [
      "x_0",
      "x_1",
      "x_2",
      "x_3",
      "x_4",
      "x_star"
    ],
    "col_names": [
      "x_0",
      "x_1",
      "x_2",
      "x_3",
      "x_4",
      "x_star"
    ]
  },
  "gamma_g": {
    "matrix": [
      [
        0.0,
        0.09203087138324582,
        0.05980659639905371,
        6.644821984947157e-08,
        0.0
      ],
      [
        0.0049152190148897,
        0.0,
        0.09238926357885606,
        0.18204657581627656,
        0.0
      ],
      [
        0.002586439362735553,
        0.003404930811599548,
        0.0,
        0.3888361483109546,
        0.0
      ],
      [
        0.005109741930373475,
        0.003716403490649874,
        0.00028908219639112235,
        0.0,
        0.0
      ],
      [
        0.1392260225883575,
        0.18019874096063068,
        0.24234256200994186,
        0.43823241015726594,
        0.0
      ]
    ],
    "row_names": [
      "x_1",
      "x_2",
      "x_3",
      "x_4",
      "x_star"
    ],
    "col_names": [
      "x_1",
      "x_2",
      "x_3",
      "x_4",
      "x_star"
    ]
  },
  "S": {
    "matrix": [
      [
        0.06249998031033042,
        -0.062499980310330404,
        1.4245206324258293e-07,
        -0.0620396288762767,
        -0.06961301699022432,
        -0.07496200648367667,
        -0.09009937939436413,
        -0.09522693404277426,
        -0.12117128827993186,
        -0.12436394147082405,
        -0.21911620474913535,
        -0.1434075209919685
      ],
      [
        -0.062499980310330404,
        0.06249998031032979,
        -1.4245206316442612e-07,
        0.062039628876276676,
        0.06961301699022443,
        0.07496200648367665,
        0.09009937939436419,
        0.09522693404277428,
        0.12117128827993195,
        0.12436394147082402,
        0.2191162047491355,
        0.1434075209919685
      ],
      [
        1.4245206324258293e-07,
        -1.4245206316442612e-07,
        0.5000000709575297,
        -0.06203980375359537,
        -1.8049323695344428e-07,
        -0.07496213254331399,
        -1.046429787417101e-07,
        -0.09522698263905748,
        -3.550482980751922e-08,
        -0.12436396702318316,
        -3.81966175991555e-08,
        -0.14340754383618592
      ],
      [
        -0.0620396288762767,
        0.062039628876276676,
        -0.06203980375359537,
        0.12407926134820142,
        0.0683911039435433,
        0.07374010372516782,
        0.08919661453363471,
        0.09432418160425177,
        0.12038621018203147,
        0.12357887057544815,
        0.2183430181983269,
        0.14263433335781428
      ],
      [
        -0.06961301699022432,
        0.06961301699022443,
        -1.8049323695344428e-07,
        0.0683911039435433,
        0.13922602097141262,
        0.09452052503244301,
        0.08379366822661177,
        0.11706635653674703,
        0.11732318850444193,
        0.13344200827096528,
        0.2165613333999043,
        0.14348439781158076
      ],
      [
        -0.07496200648367667,
        0.07496200648367665,
        -0.07496213254331399,
        0.07374010372516782,
        0.09452052503244301,
        0.2016524510313383,
        0.13573511981553474,
        0.12053476187042532,
        0.15069621508831693,
        0.1356185161536895,
        0.21874416307129246,
        0.1431123227699566
      ],
      [
        -0.09009937939436413,
        0.09009937939436419,
        -1.046429787417101e-07,
        0.08919661453363471,
        0.08379366822661177,
        0.13573511981553474,
        0.27222960976131966,
        0.14268609681066155,
        0.14751390971658845,
        0.1742530730536003,
        0.2172580354385956,
        0.17892442357230767
      ],
      [
        -0.09522693404277426,
        0.09522693404277428,
        -0.09522698263905748,
        0.09432418160425177,
        0.11706635653674703,
        0.12053476187042532,
        0.14268609681066155,
        0.29249352935188977,
        0.19206020422860948,
        0.1709022694521315,
        0.3100027544988703,
        0.1787876524348266
      ],
      [
        -0.12117128827993186,
        0.12117128827993195,
        -3.550482980751922e-08,
        0.12038621018203147,
        0.11732318850444193,
        0.15069621508831693,
        0.14751390971658845,
        0.19206020422860948,
        0.3945384198969426,
        0.2168912867856066,
        0.30999498423951677,
        0.2893366215772161
      ],
      [
        -0.12436394147082405,
        0.12436394147082402,
        -0.12436396702318316,
        0.12357887057544815,
        0.13344200827096528,
        0.1356185161536895,
        0.1742530730536003,
        0.1709022694521315,
        0.2168912867856066,
        0.4340716571764745,
        0.4703250322677359,
        0.25510405404310166
      ],
      [
        -0.21911620474913535,
        0.2191162047491355,
        -3.81966175991555e-08,
        0.2183430181983269,
        0.2165613333999043,
        0.21874416307129246,
        0.2172580354385956,
        0.3100027544988703,
        0.30999498423951677,
        0.4703250322677359,
        1.0091152010779094,
        0.5355146243159508
      ],
      [
        -0.1434075209919685,
        0.1434075209919685,
        -0.14340754383618592,
        0.14263433335781428,
        0.14348439781158076,
        0.1431123227699566,
        0.17892442357230767,
        0.1787876524348266,
        0.2893366215772161,
        0.25510405404310166,
        0.5355146243159508,
        0.5710292485073339
      ]
    ],
    "row_names": [
      "x_0",
      "x_star",
      "grad_f(x_star)",
      "grad_f(x_0)",
      "grad_g(x_1)",
      "grad_f(x_1)",
      "grad_g(x_2)",
      "grad_f(x_2)",
      "grad_g(x_3)",
      "grad_f(x_3)",
      "grad_g(x_4)",
      "grad_f(x_4)"
    ],
    "col_names": [
      "x_0",
      "x_star",
      "grad_f(x_star)",
      "grad_f(x_0)",
      "grad_g(x_1)",
      "grad_f(x_1)",
      "grad_g(x_2)",
      "grad_f(x_2)",
      "grad_g(x_3)",
      "grad_f(x_3)",
      "grad_g(x_4)",
      "grad_f(x_4)"
    ]
  },
  "basis_vectors": [
    "x_0",
    "x_star",
    "grad_f(x_star)",
    "grad_f(x_0)",
    "grad_g(x_1)",
    "grad_f(x_1)",
    "grad_g(x_2)",
    "grad_f(x_2)",
    "grad_g(x_3)",
    "grad_f(x_3)",
    "grad_g(x_4)",
    "grad_f(x_4)"
  ]
}