{
  "N": 4,
  "opt_value": 0.06250824514463979,
  "tau_sol": 0.0625001152798159,
  "relaxed_constraints": [
    "f:x_0,x_0",
    "f:x_0,x_2",
    "f:x_0,x_3",
    "f:x_0,x_4",
    "f:x_0,x_star",
    "f:x_1,x_0",
    "f:x_1,x_1",
    "f:x_1,x_3",
    "f:x_1,x_4",
    "f:x_1,x_star",
    "f:x_2,x_0",
    "f:x_2,x_1",
    "f:x_2,x_2",
    "f:x_2,x_4",
    "f:x_2,x_star",
    "f:x_3,x_0",
    "f:x_3,x_1",
    "f:x_3,x_2",
    "f:x_3,x_3",
    "f:x_3,x_star",
    "f:x_4,x_0",
    "f:x_4,x_1",
    "f:x_4,x_2",
    "f:x_4,x_3",
    "f:x_4,x_4",
    "f:x_4,x_star",
    "g:x_1,x_1",
    "g:x_1,x_3",
    "g:x_1,x_4",
    "g:x_1,x_star",
    "g:x_2,x_1",
    "g:x_2,x_2",
    "g:x_2,x_4",
    "g:x_2,x_star",
    "g:x_3,x_1",
    "g:x_3,x_2",
    "g:x_3,x_3",
    "g:x_3,x_star",
    "g:x_4,x_1",
    "g:x_4,x_2",
    "g:x_4,x_3",
    "g:x_4,x_4",
    "g:x_4,x_star"
  ],
  "lambda_f": {
    "matrix": [
      [
        0.0,
        0.1250007913491814,
        0.0,
        0.0,
        0.0,
        0.0
      ],
      [
        0.0,
        0.0,
        0.28570370863093464,
        0.0,
        0.0,
        0.0
      ],
      [
        0.0,
        0.0,
        0.0,
        0.4999405697490669,
        0.0,
        0.0
      ],
      [
        0.0,
        0.0,
        0.0,
        0.0,
        0.7998992084770675,
        0.0
      ],
      [
        0.0,
        0.0,
        0.0,
        0.0,
        0.0,
        0.0
      ],
      [
        0.12500079134801778,
        0.16070291728082267,
        0.214236861117968,
        0.2999586387291828,
        0.20010079152359092,
        0.0
      ]
    ],
    "row_names": [
      "x_0",
      "x_1",
      "x_2",
      "x_3",
      "x_4",
      "x_star"
    ],
    "col_names": [
      "x_0",
      "x_1",
      "x_2",
      "x_3",
      "x_4",
      "x_star"
    ]
  },
  "gamma_g": {
    "matrix": [
      [
        0.0,
        0.14285509437527366,
        0.0,
        0.0,
        0.0
      ],
      [
        0.0,
        0.0,
        0.3333082288634107,
        0.0,
        0.0
      ],
      [
        0.0,
        0.0,
        0.0,
        0.5998884368751854,
        0.0
      ],
      [
        0.0,
        0.0,
        0.0,
        0.0,
        0.0
      ],
      [
        0.14285509437383903,
        0.19045313448740026,
        0.2665802080131556,
        0.40011156312546525,
        0.0
      ]
    ],
    "row_names": [
      "x_1",
      "x_2",
      "x_3",
      "x_4",
      "x_star"
    ],
    "col_names": [
      "x_1",
      "x_2",
      "x_3",
      "x_4",
      "x_star"
    ]
  },
  "S": {
    "matrix": [
      [
        0.06249948545478952,
        -0.06249948545478998,
        4.2913943288778364e-07,
        -0.062499239871493084,
        -0.07142590898983944,
        -0.0803503770714288,
        -0.09522450280708576,
        -0.10711676904896586,
        -0.1332872666630385,
        -0.14997772952571464,
        -0.20006039881243723,
        -0.10005439089277479
      ],
      [
        -0.06249948545478998,
        0.06249948545479002,
        -4.2913943291731444e-07,
        0.06249923987149304,
        0.07142590898983944,
        0.08035037707142874,
        0.09522450280708562,
        0.10711676904896583,
        0.13328726666303847,
        0.14997772952571456,
        0.20006039881243726,
        0.10005439089277485
      ],
      [
        4.2913943288778364e-07,
        -4.2913943291731444e-07,
        0.5000000921151618,
        -0.06250023090986288,
        2.3760146762689063e-07,
        -0.08035130130044886,
        2.8021825465801593e-07,
        -0.10711821523837402,
        3.5748686595745276e-07,
        -0.14997911120339721,
        -3.878092972413161e-07,
        -0.10005074596837749
      ],
      [
        -0.062499239871493084,
        0.06249923987149304,
        -0.06250023090986288,
        0.12500102873321517,
        0.07142789372814863,
        0.08035168859982103,
        0.0952269563897556,
        0.10711871847738541,
        0.13329057038612174,
        0.1499796001352183,
        0.20005550291158114,
        0.10005011837357032
      ],
      [
        -0.07142590898983944,
        0.07142590898983944,
        2.3760146762689063e-07,
        0.07142789372814863,
        0.14285559988035187,
        0.14285218971806599,
        0.09522713666205035,
        0.10711885290760337,
        0.133290789285445,
        0.14997973098948544,
        0.20005534920592744,
        0.10004997007991662
      ],
      [
        -0.0803503770714288,
        0.08035037707142874,
        -0.08035130130044886,
        0.08035168859982103,
        0.14285218971806599,
        0.2857039311652102,
        0.1666544924381774,
        0.10711871105181849,
        0.1332905592463347,
        0.14997959270884456,
        0.20005549178450432,
        0.10005011095568637
      ],
      [
        -0.09522450280708576,
        0.09522450280708562,
        2.8021825465801593e-07,
        0.0952269563897556,
        0.09522713666205035,
        0.1666544924381774,
        0.3333088621888907,
        0.24997074981776277,
        0.13329085317724554,
        0.14997977359049938,
        0.20005541320639822,
        0.10005001276828199
      ],
      [
        -0.10711676904896586,
        0.10711676904896583,
        -0.10711821523837402,
        0.10711871847738541,
        0.10711885290760337,
        0.10711871105181849,
        0.24997074981776277,
        0.4999409081832833,
        0.29994476058743724,
        0.14997965065942606,
        0.20005557889714756,
        0.10005016906669804
      ],
      [
        -0.1332872666630385,
        0.13328726666303847,
        3.5748686595745276e-07,
        0.13329057038612174,
        0.133290789285445,
        0.1332905592463347,
        0.13329085317724554,
        0.29994476058743724,
        0.5998893018498194,
        0.39995013568371124,
        0.20005552934297155,
        0.10005009024835933
      ],
      [
        -0.14997772952571464,
        0.14997772952571456,
        -0.14997911120339721,
        0.1499796001352183,
        0.14997973098948544,
        0.14997959270884456,
        0.14997977359049938,
        0.14997965065942606,
        0.39995013568371124,
        0.7998995326312551,
        0.49999978651358273,
        0.10005016183680197
      ],
      [
        -0.20006039881243723,
        0.20006039881243726,
        -3.878092972413161e-07,
        0.20005550291158114,
        0.20005534920592744,
        0.20005549178450432,
        0.20005541320639822,
        0.20005557889714756,
        0.20005552934297155,
        0.49999978651358273,
        0.9999986281155782,
        0.4999989475992635
      ],
      [
        -0.10005439089277479,
        0.10005439089277485,
        -0.10005074596837749,
        0.10005011837357032,
        0.10004997007991662,
        0.10005011095568637,
        0.10005001276828199,
        0.10005016906669804,
        0.10005009024835933,
        0.10005016183680197,
        0.4999989475992635,
        0.4999992064536009
      ]
    ],
    "row_names": [
      "x_0",
      "x_star",
      "grad_f(x_star)",
      "grad_f(x_0)",
      "grad_g(x_1)",
      "grad_f(x_1)",
      "grad_g(x_2)",
      "grad_f(x_2)",
      "grad_g(x_3)",
      "grad_f(x_3)",
      "grad_g(x_4)",
      "grad_f(x_4)"
    ],
    "col_names": [
      "x_0",
      "x_star",
      "grad_f(x_star)",
      "grad_f(x_0)",
      "grad_g(x_1)",
      "grad_f(x_1)",
      "grad_g(x_2)",
      "grad_f(x_2)",
      "grad_g(x_3)",
      "grad_f(x_3)",
      "grad_g(x_4)",
      "grad_f(x_4)"
    ]
  },
  "basis_vectors": [
    "x_0",
    "x_star",
    "grad_f(x_star)",
    "grad_f(x_0)",
    "grad_g(x_1)",
    "grad_f(x_1)",
    "grad_g(x_2)",
    "grad_f(x_2)",
    "grad_g(x_3)",
    "grad_f(x_3)",
    "grad_g(x_4)",
    "grad_f(x_4)"
  ]
}