{
  "N": 4,
  "opt_value": 0.025583626393635102,
  "tau_sol": 0.025583988038089957,
  "S_matrix": [
    [
      0.02558399992695162,
      -0.02558399992695132,
      -0.05116797120522196,
      -0.08279156548465896,
      -0.11223831003172796,
      -0.14068725015182948,
      -0.11311510616344264
    ],
    [
      -0.02558399992695132,
      0.02558399992695175,
      0.051167971205221985,
      0.08279156548465888,
      0.112238310031728,
      0.14068725015182953,
      0.11311510616344264
    ],
    [
      -0.05116797120522196,
      0.051167971205221985,
      0.10233590502648048,
      0.16558306819680535,
      0.2244765932979572,
      0.28137455944874856,
      0.2262303066599747
    ],
    [
      -0.08279156548465896,
      0.08279156548465888,
      0.16558306819680535,
      0.2679191872410843,
      0.36321096098856714,
      0.45527384502366136,
      0.3660485164902099
    ],
    [
      -0.11223831003172796,
      0.112238310031728,
      0.2244765932979572,
      0.36321096098856714,
      0.49239567095876263,
      0.6172032044556094,
      0.4962428266444862
    ],
    [
      -0.14068725015182948,
      0.14068725015182953,
      0.28137455944874856,
      0.45527384502366136,
      0.6172032044556094,
      0.7736461356572996,
      0.622026063389726
    ],
    [
      -0.11311510616344264,
      0.11311510616344264,
      0.2262303066599747,
      0.3660485164902099,
      0.4962428266444862,
      0.622026063389726,
      0.5001207796691465
    ]
  ],
  "S_row_names": [
    "x_0",
    "x_star",
    "grad_f(x_0)",
    "grad_f(x_1)",
    "grad_f(x_2)",
    "grad_f(x_3)",
    "grad_f(x_4)"
  ],
  "S_col_names": [
    "x_0",
    "x_star",
    "grad_f(x_0)",
    "grad_f(x_1)",
    "grad_f(x_2)",
    "grad_f(x_3)",
    "grad_f(x_4)"
  ],
  "basis_vectors": [
    "x_0",
    "x_star",
    "grad_f(x_0)",
    "grad_f(x_1)",
    "grad_f(x_2)",
    "grad_f(x_3)",
    "grad_f(x_4)"
  ],
  "lambda_matrix": [
    [
      0.0,
      0.10233576928833192,
      0.0,
      0.0,
      0.0,
      0.0
    ],
    [
      0.0,
      0.0,
      0.2679185142838634,
      0.0,
      0.0,
      0.0
    ],
    [
      6.978501568774161e-08,
      0.0,
      0.0,
      0.49239456603698034,
      0.0,
      0.0
    ],
    [
      0.0,
      0.0,
      0.0,
      0.0,
      0.7738900386694222,
      0.0
    ],
    [
      0.0,
      0.0,
      0.0,
      0.00012067613521493716,
      0.0,
      0.0
    ],
    [
      0.10233591176993394,
      0.16558314314692188,
      0.22447663670936555,
      0.2813746138534358,
      0.22623024058984761,
      0.0
    ]
  ],
  "lambda_row_names": [
    "x_0",
    "x_1",
    "x_2",
    "x_3",
    "x_4",
    "x_star"
  ],
  "lambda_col_names": [
    "x_0",
    "x_1",
    "x_2",
    "x_3",
    "x_4",
    "x_star"
  ]
}