{
  "N": 4,
  "opt_value": 0.025582263987978804,
  "tau_sol": 0.025583894665493635,
  "S_matrix": [
    [
      0.025583934336764626,
      -0.025583934336764463,
      -0.05116787833267659,
      -0.08279137252019485,
      -0.1122381420590124,
      -0.14070106303764318,
      -0.11310147124849175
    ],
    [
      -0.025583934336764463,
      0.025583934336764754,
      0.05116787833267641,
      0.08279137252019486,
      0.11223814205901235,
      0.14070106303764318,
      0.1131014712484917
    ],
    [
      -0.05116787833267659,
      0.05116787833267641,
      0.10233577598365037,
      0.16558277629805448,
      0.22447632649323984,
      0.2814021791966022,
      0.22620298519814627
    ],
    [
      -0.08279137252019485,
      0.08279137252019486,
      0.16558277629805448,
      0.26791858021335435,
      0.36321035333603613,
      0.45531832479718753,
      0.36600414601830683
    ],
    [
      -0.1122381420590124,
      0.11223814205901235,
      0.22447632649323984,
      0.36321035333603613,
      0.4923949681482846,
      0.6172633846382088,
      0.4961824412920551
    ],
    [
      -0.14070106303764318,
      0.14070106303764318,
      0.2814021791966022,
      0.45531832479718753,
      0.6172633846382088,
      0.7737976840987439,
      0.6220113382997622
    ],
    [
      -0.11310147124849175,
      0.1131014712484917,
      0.22620298519814627,
      0.36600414601830683,
      0.4961824412920551,
      0.6220113382997622,
      0.4999990474565561
    ]
  ],
  "S_row_names": [
    "z_0",
    "x_star",
    "grad_f(z_0)",
    "grad_f(x_1)",
    "grad_f(x_2)",
    "grad_f(x_3)",
    "grad_f(x_4)"
  ],
  "S_col_names": [
    "z_0",
    "x_star",
    "grad_f(z_0)",
    "grad_f(x_1)",
    "grad_f(x_2)",
    "grad_f(x_3)",
    "grad_f(x_4)"
  ],
  "basis_vectors": [
    "z_0",
    "x_star",
    "grad_f(z_0)",
    "grad_f(x_1)",
    "grad_f(x_2)",
    "grad_f(x_3)",
    "grad_f(x_4)"
  ],
  "lambda_matrix": [
    [
      0.0,
      0.26791867356241705,
      0.0,
      0.0,
      0.0,
      0.0
    ],
    [
      0.0,
      0.0,
      0.4923950332797258,
      0.0,
      0.0,
      0.0
    ],
    [
      0.0,
      0.0,
      0.0,
      0.7737974117681462,
      0.0,
      0.0
    ],
    [
      0.0,
      0.0,
      0.0,
      0.0,
      0.0,
      0.0
    ],
    [
      0.16558282690529852,
      0.22447635971684313,
      0.28140237848900634,
      0.22620258823224648,
      0.0,
      0.1023358466565191
    ],
    [
      0.10233584665669448,
      0.0,
      0.0,
      0.0,
      0.0,
      0.0
    ]
  ],
  "lambda_row_names": [
    "x_1",
    "x_2",
    "x_3",
    "x_4",
    "x_star",
    "z_0"
  ],
  "lambda_col_names": [
    "x_1",
    "x_2",
    "x_3",
    "x_4",
    "x_star",
    "z_0"
  ],
  "relaxed_constraints": [
    "f:x_1,x_1",
    "f:x_1,x_3",
    "f:x_1,x_4",
    "f:x_1,x_star",
    "f:x_1,z_0",
    "f:x_2,x_1",
    "f:x_2,x_2",
    "f:x_2,x_4",
    "f:x_2,x_star",
    "f:x_2,z_0",
    "f:x_3,x_1",
    "f:x_3,x_2",
    "f:x_3,x_3",
    "f:x_3,x_star",
    "f:x_3,z_0",
    "f:x_4,x_1",
    "f:x_4,x_2",
    "f:x_4,x_3",
    "f:x_4,x_4",
    "f:x_4,x_star",
    "f:x_4,z_0",
    "f:x_star,x_star",
    "f:z_0,x_2",
    "f:z_0,x_3",
    "f:z_0,x_4",
    "f:z_0,x_star",
    "f:z_0,z_0"
  ]
}