{
  "N": 2,
  "opt_value": 0.06189407578927604,
  "tau_sol": 0.061894180976143826,
  "S_matrix": [
    [
      0.061894189303055624,
      -0.0618941893030556,
      -0.1237884073970834,
      -0.20029410844537704,
      -0.17591751178971637
    ],
    [
      -0.0618941893030556,
      0.0618941893030557,
      0.1237884073970833,
      0.200294108445377,
      0.17591751178971626
    ],
    [
      -0.1237884073970834,
      0.1237884073970833,
      0.2475768723761241,
      0.40058831006043844,
      0.3518351054099926
    ],
    [
      -0.20029410844537704,
      0.200294108445377,
      0.40058831006043844,
      0.648166335639328,
      0.5692818918966085
    ],
    [
      -0.17591751178971637,
      0.17591751178971626,
      0.3518351054099926,
      0.5692818918966085,
      0.4999980014724448
    ]
  ],
  "S_row_names": [
    "z_0",
    "x_star",
    "grad_f(z_0)",
    "grad_f(x_1)",
    "grad_f(x_2)"
  ],
  "S_col_names": [
    "z_0",
    "x_star",
    "grad_f(z_0)",
    "grad_f(x_1)",
    "grad_f(x_2)"
  ],
  "basis_vectors": [
    "z_0",
    "x_star",
    "grad_f(z_0)",
    "grad_f(x_1)",
    "grad_f(x_2)"
  ],
  "lambda_matrix": [
    [
      0.0,
      0.6481662618289415,
      0.0,
      0.0
    ],
    [
      0.0,
      0.0,
      0.0,
      0.0
    ],
    [
      0.4005892017720498,
      0.35183373817212865,
      0.0,
      0.2475770600556963
    ],
    [
      0.247577060056481,
      0.0,
      0.0,
      0.0
    ]
  ],
  "lambda_row_names": [
    "x_1",
    "x_2",
    "x_star",
    "z_0"
  ],
  "lambda_col_names": [
    "x_1",
    "x_2",
    "x_star",
    "z_0"
  ],
  "relaxed_constraints": [
    "f:x_1,x_1",
    "f:x_1,x_star",
    "f:x_1,z_0",
    "f:x_2,x_1",
    "f:x_2,x_2",
    "f:x_2,x_star",
    "f:x_2,z_0",
    "f:x_star,x_star",
    "f:z_0,x_2",
    "f:z_0,x_star",
    "f:z_0,z_0"
  ]
}