{
  "N": 4,
  "opt_value": 0.02558362639363744,
  "tau_sol": 0.025583988038089762,
  "S_matrix": [
    [
      0.02558399992695158,
      -0.02558399992695165,
      -0.051167971205222026,
      -0.08279156548465921,
      -0.11223831003172818,
      -0.14068725015183026,
      -0.11311510616344217
    ],
    [
      -0.02558399992695165,
      0.02558399992695171,
      0.051167971205222165,
      0.08279156548465924,
      0.11223831003172818,
      0.14068725015183028,
      0.1131151061634422
    ],
    [
      -0.051167971205222026,
      0.051167971205222165,
      0.10233590502648121,
      0.1655830681968057,
      0.22447659329795755,
      0.28137455944874973,
      0.22623030665997362
    ],
    [
      -0.08279156548465921,
      0.08279156548465924,
      0.1655830681968057,
      0.26791918724108466,
      0.36321096098856764,
      0.4552738450236632,
      0.36604851649020814
    ],
    [
      -0.11223831003172818,
      0.11223831003172818,
      0.22447659329795755,
      0.36321096098856764,
      0.4923956709587632,
      0.617203204455612,
      0.49624282664448394
    ],
    [
      -0.14068725015183026,
      0.14068725015183028,
      0.28137455944874973,
      0.4552738450236632,
      0.617203204455612,
      0.7736461356573061,
      0.6220260633897258
    ],
    [
      -0.11311510616344217,
      0.1131151061634422,
      0.22623030665997362,
      0.36604851649020814,
      0.49624282664448394,
      0.6220260633897258,
      0.5001207796691421
    ]
  ],
  "S_row_names": [
    "z_0",
    "x_star",
    "grad_f(z_0)",
    "grad_f(x_1)",
    "grad_f(x_2)",
    "grad_f(x_3)",
    "grad_f(x_4)"
  ],
  "S_col_names": [
    "z_0",
    "x_star",
    "grad_f(z_0)",
    "grad_f(x_1)",
    "grad_f(x_2)",
    "grad_f(x_3)",
    "grad_f(x_4)"
  ],
  "basis_vectors": [
    "z_0",
    "x_star",
    "grad_f(z_0)",
    "grad_f(x_1)",
    "grad_f(x_2)",
    "grad_f(x_3)",
    "grad_f(x_4)"
  ],
  "lambda_matrix": [
    [
      0.0,
      0.26791851428386404,
      0.0,
      0.0,
      0.0,
      0.0
    ],
    [
      0.0,
      0.0,
      0.492394566036982,
      0.0,
      0.0,
      6.978501534168335e-08
    ],
    [
      0.0,
      0.0,
      0.0,
      0.7738900386694205,
      0.0,
      0.0
    ],
    [
      0.0,
      0.0,
      0.00012067613521066093,
      0.0,
      0.0,
      0.0
    ],
    [
      0.16558314314692274,
      0.22447663670936607,
      0.2813746138534373,
      0.22623024058984648,
      0.0,
      0.10233591176993422
    ],
    [
      0.10233576928833181,
      0.0,
      0.0,
      0.0,
      0.0,
      0.0
    ]
  ],
  "lambda_row_names": [
    "x_1",
    "x_2",
    "x_3",
    "x_4",
    "x_star",
    "z_0"
  ],
  "lambda_col_names": [
    "x_1",
    "x_2",
    "x_3",
    "x_4",
    "x_star",
    "z_0"
  ]
}