{
  "N": 1,
  "opt_value": 0.12499891224858557,
  "tau_sol": 0.12500015649618346,
  "S_matrix": [
    [
      0.1250001676867102,
      -0.12500016768671024,
      -0.24999185636676494,
      -0.25000845018655904
    ],
    [
      -0.12500016768671024,
      0.12500016768671043,
      0.24999185636676483,
      0.25000845018655876
    ],
    [
      -0.24999185636676494,
      0.24999185636676483,
      0.49996675529536583,
      0.49999994180936297
    ],
    [
      -0.25000845018655904,
      0.25000845018655876,
      0.49999994180936297,
      0.5000331305261961
    ]
  ],
  "S_row_names": [
    "z_0",
    "x_star",
    "grad_f(z_0)",
    "grad_f(x_1)"
  ],
  "S_col_names": [
    "z_0",
    "x_star",
    "grad_f(z_0)",
    "grad_f(x_1)"
  ],
  "basis_vectors": [
    "z_0",
    "x_star",
    "grad_f(z_0)",
    "grad_f(x_1)"
  ],
  "lambda_matrix": [
    [
      0.0,
      0.0,
      3.281629743904121e-05
    ],
    [
      0.5000166084095307,
      0.0,
      0.49998354866668154
    ],
    [
      0.5000162609771611,
      0.0,
      0.0
    ]
  ],
  "lambda_row_names": [
    "x_1",
    "x_star",
    "z_0"
  ],
  "lambda_col_names": [
    "x_1",
    "x_star",
    "z_0"
  ]
}