{
  "N": 6,
  "opt_value": 0.014155392931955123,
  "tau_sol": 0.01415594156658368,
  "S_matrix": [
    [
      0.014155971221083901,
      -0.01415597122108375,
      -0.028311935261258223,
      -0.0458096825016251,
      -0.06210301639887351,
      -0.07785194521933667,
      -0.0932844638783532,
      -0.10845960790774514,
      -0.08417954008693394
    ],
    [
      -0.01415597122108375,
      0.014155971221084649,
      0.02831193526125831,
      0.045809682501624996,
      0.06210301639887354,
      0.07785194521933649,
      0.09328446387835308,
      0.1084596079077452,
      0.08417954008693398
    ],
    [
      -0.028311935261258223,
      0.02831193526125831,
      0.056623856160701834,
      0.09161934176534135,
      0.12420600129470762,
      0.15570385094666414,
      0.18656888043623307,
      0.21691916079711118,
      0.1683590374720553
    ],
    [
      -0.0458096825016251,
      0.045809682501624996,
      0.09161934176534135,
      0.1482432380036336,
      0.20096957101667687,
      0.2519341722961418,
      0.30187484884378973,
      0.3509826436426024,
      0.27241069823396113
    ],
    [
      -0.06210301639887351,
      0.06210301639887354,
      0.12420600129470762,
      0.20096957101667687,
      0.2724493138340459,
      0.3415407219421108,
      0.40924402144652017,
      0.47581820443927475,
      0.36930022510092964
    ],
    [
      -0.07785194521933667,
      0.07785194521933649,
      0.15570385094666414,
      0.2519341722961418,
      0.3415407219421108,
      0.4281532704310351,
      0.5130256948287851,
      0.5964826659698524,
      0.4629524065205919
    ],
    [
      -0.0932844638783532,
      0.09328446387835308,
      0.18656888043623307,
      0.30187484884378973,
      0.40924402144652017,
      0.5130256948287851,
      0.6147223009404804,
      0.7147228698135111,
      0.5547230312845204
    ],
    [
      -0.10845960790774514,
      0.1084596079077452,
      0.21691916079711118,
      0.3509826436426024,
      0.47581820443927475,
      0.5964826659698524,
      0.7147228698135111,
      0.8309911318540585,
      0.6449631585916881
    ],
    [
      -0.08417954008693394,
      0.08417954008693398,
      0.1683590374720553,
      0.27241069823396113,
      0.36930022510092964,
      0.4629524065205919,
      0.5547230312845204,
      0.6449631585916881,
      0.5005799219691579
    ]
  ],
  "S_row_names": [
    "z_0",
    "x_star",
    "grad_f(z_0)",
    "grad_f(x_1)",
    "grad_f(x_2)",
    "grad_f(x_3)",
    "grad_f(x_4)",
    "grad_f(x_5)",
    "grad_f(x_6)"
  ],
  "S_col_names": [
    "z_0",
    "x_star",
    "grad_f(z_0)",
    "grad_f(x_1)",
    "grad_f(x_2)",
    "grad_f(x_3)",
    "grad_f(x_4)",
    "grad_f(x_5)",
    "grad_f(x_6)"
  ],
  "basis_vectors": [
    "z_0",
    "x_star",
    "grad_f(z_0)",
    "grad_f(x_1)",
    "grad_f(x_2)",
    "grad_f(x_3)",
    "grad_f(x_4)",
    "grad_f(x_5)",
    "grad_f(x_6)"
  ],
  "lambda_matrix": [
    [
      0.0,
      0.14824337039103028,
      0.0,
      0.0,
      0.0,
      0.0,
      0.0,
      0.0
    ],
    [
      0.0,
      0.0,
      0.2724494024595056,
      0.0,
      0.0,
      0.0,
      0.0,
      0.0
    ],
    [
      0.0,
      0.0,
      0.0,
      0.4281532427324846,
      0.0,
      0.0,
      0.0,
      0.0
    ],
    [
      5.8625265977556276e-08,
      0.0,
      0.0,
      0.0,
      0.6147218963155775,
      0.0,
      0.0,
      0.0
    ],
    [
      0.0,
      0.0,
      0.0,
      0.0,
      0.0,
      0.8322204139895534,
      0.0,
      0.0
    ],
    [
      9.183052647088833e-20,
      0.0,
      0.0,
      0.0,
      0.0005794304414959546,
      0.0,
      0.0,
      0.0
    ],
    [
      0.09161938539280512,
      0.12420606016869211,
      0.15570391933614244,
      0.18656893356257861,
      0.2169192650377175,
      0.16835904127704165,
      0.0,
      0.05662389389773921
    ],
    [
      0.056623955494709506,
      0.0,
      0.0,
      0.0,
      0.0,
      0.0,
      0.0,
      0.0
    ]
  ],
  "lambda_row_names": [
    "x_1",
    "x_2",
    "x_3",
    "x_4",
    "x_5",
    "x_6",
    "x_star",
    "z_0"
  ],
  "lambda_col_names": [
    "x_1",
    "x_2",
    "x_3",
    "x_4",
    "x_5",
    "x_6",
    "x_star",
    "z_0"
  ]
}