{
  "N": 5,
  "opt_value": 0.018586948259434403,
  "tau_sol": 0.0185880019393754,
  "S_matrix": [
    [
      0.01858808187850618,
      -0.018588081878506156,
      -0.03717615254055438,
      -0.0601523228818416,
      -0.0815470272811254,
      -0.10222695882307556,
      -0.12247378051679843,
      -0.09642290043760109
    ],
    [
      -0.018588081878506156,
      0.018588081878505223,
      0.037176152540554314,
      0.060152322881841865,
      0.08154702728112562,
      0.1022269588230755,
      0.12247378051679833,
      0.09642290043760104
    ],
    [
      -0.03717615254055438,
      0.037176152540554314,
      0.07435228264819999,
      0.12030460946644764,
      0.16309400535497948,
      0.20445385596015414,
      0.24494748713022166,
      0.19284574269150173
    ],
    [
      -0.0601523228818416,
      0.060152322881841865,
      0.12030460946644764,
      0.1946570911259692,
      0.26389183925107845,
      0.3308135328080765,
      0.39633365284048155,
      0.3120311970990958
    ],
    [
      -0.0815470272811254,
      0.08154702728112562,
      0.16309400535497948,
      0.26389183925107845,
      0.3577516874443137,
      0.4484757843492902,
      0.537299802438175,
      0.42301303296939513
    ],
    [
      -0.10222695882307556,
      0.1022269588230755,
      0.20445385596015414,
      0.3308135328080765,
      0.4484757843492902,
      0.5622070732483077,
      0.6735564325372664,
      0.530287091323507
    ],
    [
      -0.12247378051679843,
      0.12247378051679833,
      0.24494748713022166,
      0.39633365284048155,
      0.537299802438175,
      0.6735564325372664,
      0.8069593738674913,
      0.6353144569824215
    ],
    [
      -0.09642290043760109,
      0.09642290043760104,
      0.19284574269150173,
      0.3120311970990958,
      0.42301303296939513,
      0.530287091323507,
      0.6353144569824215,
      0.5001794047157909
    ]
  ],
  "S_row_names": [
    "z_0",
    "x_star",
    "grad_f(z_0)",
    "grad_f(x_1)",
    "grad_f(x_2)",
    "grad_f(x_3)",
    "grad_f(x_4)",
    "grad_f(x_5)"
  ],
  "S_col_names": [
    "z_0",
    "x_star",
    "grad_f(z_0)",
    "grad_f(x_1)",
    "grad_f(x_2)",
    "grad_f(x_3)",
    "grad_f(x_4)",
    "grad_f(x_5)"
  ],
  "basis_vectors": [
    "z_0",
    "x_star",
    "grad_f(z_0)",
    "grad_f(x_1)",
    "grad_f(x_2)",
    "grad_f(x_3)",
    "grad_f(x_4)",
    "grad_f(x_5)"
  ],
  "lambda_matrix": [
    [
      0.0,
      0.19465801691996024,
      0.0,
      0.0,
      0.0,
      0.0,
      0.0
    ],
    [
      0.0,
      0.0,
      0.35775218998761804,
      0.0,
      5.337663410828367e-07,
      0.0,
      0.0
    ],
    [
      1.646575732651012e-07,
      0.0,
      0.0,
      0.5622056960747709,
      0.0,
      0.0,
      0.0
    ],
    [
      0.0,
      0.0,
      0.0,
      0.0,
      0.8073330890266467,
      0.0,
      -4.549438202363158e-19
    ],
    [
      0.0,
      -5.797459321958808e-20,
      0.0,
      0.0001797290427210309,
      0.0,
      0.0,
      0.0
    ],
    [
      0.12030479224652726,
      0.16309420042630518,
      0.2044541694486244,
      0.24494769158941884,
      0.19284558500256108,
      0.0,
      0.07435246277345649
    ],
    [
      0.0743527920809732,
      0.0,
      0.0,
      0.0,
      -3.3346223080798278e-18,
      0.0,
      0.0
    ]
  ],
  "lambda_row_names": [
    "x_1",
    "x_2",
    "x_3",
    "x_4",
    "x_5",
    "x_star",
    "z_0"
  ],
  "lambda_col_names": [
    "x_1",
    "x_2",
    "x_3",
    "x_4",
    "x_5",
    "x_star",
    "z_0"
  ]
}