{
  "N": 3,
  "opt_value": 0.037692043766443126,
  "tau_sol": 0.03769235485863601,
  "S_matrix": [
    [
      0.03769239071578478,
      -0.03769239071578466,
      -0.07538475382414411,
      -0.1219751596899856,
      -0.1653423217690152,
      -0.1372976218566257
    ],
    [
      -0.03769239071578466,
      0.03769239071578457,
      0.07538475382414397,
      0.12197515968998557,
      0.1653423217690152,
      0.1372976218566257
    ],
    [
      -0.07538475382414411,
      0.07538475382414397,
      0.15076945243345863,
      0.24395023004045213,
      0.3306845224346549,
      0.2745951431509435
    ],
    [
      -0.1219751596899856,
      0.12197515968998557,
      0.24395023004045213,
      0.39471997660172414,
      0.5350590853565295,
      0.44430451433275736
    ],
    [
      -0.1653423217690152,
      0.1653423217690152,
      0.3306845224346549,
      0.5350590853565295,
      0.725294491774439,
      0.6022729558948395
    ],
    [
      -0.1372976218566257,
      0.1372976218566257,
      0.2745951431509435,
      0.44430451433275736,
      0.6022729558948395,
      0.5001178383622886
    ]
  ],
  "S_row_names": [
    "z_0",
    "x_star",
    "grad_f(z_0)",
    "grad_f(x_1)",
    "grad_f(x_2)",
    "grad_f(x_3)"
  ],
  "S_col_names": [
    "z_0",
    "x_star",
    "grad_f(z_0)",
    "grad_f(x_1)",
    "grad_f(x_2)",
    "grad_f(x_3)"
  ],
  "basis_vectors": [
    "z_0",
    "x_star",
    "grad_f(z_0)",
    "grad_f(x_1)",
    "grad_f(x_2)",
    "grad_f(x_3)"
  ],
  "lambda_matrix": [
    [
      0.0,
      0.3947197330389578,
      0.0,
      0.0,
      0.0
    ],
    [
      0.0,
      0.0,
      0.7255220706767839,
      -9.934980115986057e-19,
      0.0
    ],
    [
      0.0,
      0.00011744012009181082,
      0.0,
      0.0,
      0.0
    ],
    [
      0.24395020553895855,
      0.3306846564646329,
      0.274594985888019,
      0.0,
      0.15076949796028924
    ],
    [
      0.1507696238757919,
      0.0,
      0.0,
      0.0,
      0.0
    ]
  ],
  "lambda_row_names": [
    "x_1",
    "x_2",
    "x_3",
    "x_star",
    "z_0"
  ],
  "lambda_col_names": [
    "x_1",
    "x_2",
    "x_3",
    "x_star",
    "z_0"
  ]
}