{
  "N": 3,
  "opt_value": 0.03769235223177237,
  "tau_sol": 0.03769239665990178,
  "S_matrix": [
    [
      0.03769239986137346,
      -0.03769239986137333,
      -0.07538480542523934,
      -0.1219751966256097,
      -0.16535875974272474,
      -0.1372812570513214
    ],
    [
      -0.03769239986137333,
      0.03769239986137313,
      0.07538480542523947,
      0.1219751966256097,
      0.16535875974272485,
      0.13728125705132135
    ],
    [
      -0.07538480542523934,
      0.07538480542523947,
      0.15076962225546556,
      0.24395041170487833,
      0.330717544502619,
      0.27456253487195953
    ],
    [
      -0.1219751966256097,
      0.1219751966256097,
      0.24395041170487833,
      0.39472011988026506,
      0.5351123119665151,
      0.4442515834340856
    ],
    [
      -0.16535875974272474,
      0.16535875974272485,
      0.330717544502619,
      0.5351123119665151,
      0.7254385373236338,
      0.6022608930558453
    ],
    [
      -0.1372812570513214,
      0.13728125705132135,
      0.27456253487195953,
      0.4442515834340856,
      0.6022608930558453,
      0.4999985038603041
    ]
  ],
  "S_row_names": [
    "z_0",
    "x_star",
    "grad_f(z_0)",
    "grad_f(x_1)",
    "grad_f(x_2)",
    "grad_f(x_3)"
  ],
  "S_col_names": [
    "z_0",
    "x_star",
    "grad_f(z_0)",
    "grad_f(x_1)",
    "grad_f(x_2)",
    "grad_f(x_3)"
  ],
  "basis_vectors": [
    "z_0",
    "x_star",
    "grad_f(z_0)",
    "grad_f(x_1)",
    "grad_f(x_2)",
    "grad_f(x_3)"
  ],
  "lambda_matrix": [
    [
      0.0,
      0.3947202745272019,
      0.0,
      0.0,
      0.0
    ],
    [
      0.0,
      0.0,
      0.7254382580499907,
      0.0,
      0.0
    ],
    [
      0.0,
      0.0,
      0.0,
      0.0,
      0.0
    ],
    [
      0.24395054185636322,
      0.330717983522998,
      0.274561741950445,
      0.0,
      0.15076973267020605
    ],
    [
      0.1507697326704003,
      0.0,
      0.0,
      0.0,
      0.0
    ]
  ],
  "lambda_row_names": [
    "x_1",
    "x_2",
    "x_3",
    "x_star",
    "z_0"
  ],
  "lambda_col_names": [
    "x_1",
    "x_2",
    "x_3",
    "x_star",
    "z_0"
  ],
  "relaxed_constraints": [
    "f:x_1,x_1",
    "f:x_1,x_3",
    "f:x_1,x_star",
    "f:x_1,z_0",
    "f:x_2,x_1",
    "f:x_2,x_2",
    "f:x_2,x_star",
    "f:x_2,z_0",
    "f:x_3,x_1",
    "f:x_3,x_2",
    "f:x_3,x_3",
    "f:x_3,x_star",
    "f:x_3,z_0",
    "f:x_star,x_star",
    "f:z_0,x_2",
    "f:z_0,x_3",
    "f:z_0,x_star",
    "f:z_0,z_0"
  ]
}