{
  "N": 2,
  "opt_value": 0.0618918527616518,
  "tau_sol": 0.061894529210386184,
  "S_matrix": [
    [
      0.061894797489986456,
      -0.0618947974899867,
      -0.12378876877473712,
      -0.20028996854588568,
      -0.17592402660636144
    ],
    [
      -0.0618947974899867,
      0.061894797489986296,
      0.12378876877473724,
      0.20028996854588574,
      0.1759240266063614
    ],
    [
      -0.12378876877473712,
      0.12378876877473724,
      0.24757588515003118,
      0.40057726351293366,
      0.3518457048836579
    ],
    [
      -0.20028996854588568,
      0.20028996854588574,
      0.40057726351293366,
      0.6481331731734298,
      0.5692856134015813
    ],
    [
      -0.17592402660636144,
      0.1759240266063614,
      0.3518457048836579,
      0.5692856134015813,
      0.5000301219565789
    ]
  ],
  "S_row_names": [
    "z_0",
    "x_star",
    "grad_f(z_0)",
    "grad_f(x_1)",
    "grad_f(x_2)"
  ],
  "S_col_names": [
    "z_0",
    "x_star",
    "grad_f(z_0)",
    "grad_f(x_1)",
    "grad_f(x_2)"
  ],
  "basis_vectors": [
    "z_0",
    "x_star",
    "grad_f(z_0)",
    "grad_f(x_1)",
    "grad_f(x_2)"
  ],
  "lambda_matrix": [
    [
      0.0,
      0.6481811692455693,
      9.708895078008244e-18,
      1.0182259269104094e-21
    ],
    [
      2.6637040359480385e-05,
      0.0,
      0.0,
      0.0
    ],
    [
      0.40057899239951766,
      0.3518470916422627,
      0.0,
      0.24757639681194532
    ],
    [
      0.24757596040826232,
      0.0,
      0.0,
      0.0
    ]
  ],
  "lambda_row_names": [
    "x_1",
    "x_2",
    "x_star",
    "z_0"
  ],
  "lambda_col_names": [
    "x_1",
    "x_2",
    "x_star",
    "z_0"
  ]
}