{
  "N": 4,
  "opt_value": 0.025582264054418824,
  "tau_sol": 0.025583894665493986,
  "S_matrix": [
    [
      0.025583934336764588,
      -0.0255839343367647,
      -0.051167878332676664,
      -0.0827913725201954,
      -0.11223814205901374,
      -0.1407010630376479,
      -0.11310147124848584
    ],
    [
      -0.0255839343367647,
      0.025583934336764643,
      0.05116787833267652,
      0.08279137252019557,
      0.11223814205901379,
      0.14070106303764782,
      0.11310147124848594
    ],
    [
      -0.051167878332676664,
      0.05116787833267652,
      0.10233577598365098,
      0.16558277629805587,
      0.22447632649324295,
      0.28140217919661226,
      0.22620298519813478
    ],
    [
      -0.0827913725201954,
      0.08279137252019557,
      0.16558277629805587,
      0.2679185802133572,
      0.36321035333604196,
      0.45531832479720474,
      0.3660041460182891
    ],
    [
      -0.11223814205901374,
      0.11223814205901379,
      0.22447632649324295,
      0.36321035333604196,
      0.492394968148295,
      0.6172633846382354,
      0.4961824412920335
    ],
    [
      -0.1407010630376479,
      0.14070106303764782,
      0.28140217919661226,
      0.45531832479720474,
      0.6172633846382354,
      0.773797684098794,
      0.6220113382997486
    ],
    [
      -0.11310147124848584,
      0.11310147124848594,
      0.22620298519813478,
      0.3660041460182891,
      0.4961824412920335,
      0.6220113382997486,
      0.4999990474565022
    ]
  ],
  "S_row_names": [
    "x_0",
    "x_star",
    "grad_f(x_0)",
    "grad_f(x_1)",
    "grad_f(x_2)",
    "grad_f(x_3)",
    "grad_f(x_4)"
  ],
  "S_col_names": [
    "x_0",
    "x_star",
    "grad_f(x_0)",
    "grad_f(x_1)",
    "grad_f(x_2)",
    "grad_f(x_3)",
    "grad_f(x_4)"
  ],
  "basis_vectors": [
    "x_0",
    "x_star",
    "grad_f(x_0)",
    "grad_f(x_1)",
    "grad_f(x_2)",
    "grad_f(x_3)",
    "grad_f(x_4)"
  ],
  "lambda_matrix": [
    [
      0.0,
      0.10233584665669788,
      0.0,
      0.0,
      0.0,
      0.0
    ],
    [
      0.0,
      0.0,
      0.2679186735624241,
      0.0,
      0.0,
      0.0
    ],
    [
      0.0,
      0.0,
      0.0,
      0.4923950332797394,
      0.0,
      0.0
    ],
    [
      0.0,
      0.0,
      0.0,
      0.0,
      0.773797411768181,
      0.0
    ],
    [
      0.0,
      0.0,
      0.0,
      0.0,
      0.0,
      0.0
    ],
    [
      0.10233584665652273,
      0.16558282690530243,
      0.2244763597168497,
      0.2814023784890278,
      0.22620258823221184,
      0.0
    ]
  ],
  "lambda_row_names": [
    "x_0",
    "x_1",
    "x_2",
    "x_3",
    "x_4",
    "x_star"
  ],
  "lambda_col_names": [
    "x_0",
    "x_1",
    "x_2",
    "x_3",
    "x_4",
    "x_star"
  ],
  "relaxed_constraints": [
    "f:x_0,x_0",
    "f:x_0,x_2",
    "f:x_0,x_3",
    "f:x_0,x_4",
    "f:x_0,x_star",
    "f:x_1,x_0",
    "f:x_1,x_1",
    "f:x_1,x_3",
    "f:x_1,x_4",
    "f:x_1,x_star",
    "f:x_2,x_0",
    "f:x_2,x_1",
    "f:x_2,x_2",
    "f:x_2,x_4",
    "f:x_2,x_star",
    "f:x_3,x_0",
    "f:x_3,x_1",
    "f:x_3,x_2",
    "f:x_3,x_3",
    "f:x_3,x_star",
    "f:x_4,x_0",
    "f:x_4,x_1",
    "f:x_4,x_2",
    "f:x_4,x_3",
    "f:x_4,x_4",
    "f:x_4,x_star",
    "f:x_star,x_star"
  ]
}
