{
  "N": 4,
  "opt_value": 0.05555554834030343,
  "tau_sol": 0.055555555839900225,
  "S_matrix": [
    [
      0.055555555977177436,
      -0.05555555597717735,
      -0.06250000142972477,
      -0.08035715078018899,
      -0.10714286931040144,
      -0.15000001222946618,
      -0.0999999679309514
    ],
    [
      -0.05555555597717735,
      0.055555555977177276,
      0.06250000142972478,
      0.080357150780189,
      0.10714286931040144,
      0.15000001222946616,
      0.0999999679309513
    ],
    [
      -0.06250000142972477,
      0.06250000142972478,
      0.12499999707629786,
      0.0803571495383015,
      0.10714286899862777,
      0.15000001207979144,
      0.0999999683353153
    ],
    [
      -0.08035715078018899,
      0.080357150780189,
      0.0803571495383015,
      0.28571429826461064,
      0.1071428693946085,
      0.1500000124766774,
      0.09999996872943995
    ],
    [
      -0.10714286931040144,
      0.10714286931040144,
      0.10714286899862777,
      0.1071428693946085,
      0.5000000375810588,
      0.15000001264994547,
      0.09999996889127162
    ],
    [
      -0.15000001222946618,
      0.15000001222946616,
      0.15000001207979144,
      0.1500000124766774,
      0.15000001264994547,
      0.8000000627516851,
      0.09999996884873545
    ],
    [
      -0.0999999679309514,
      0.0999999679309513,
      0.0999999683353153,
      0.09999996872943995,
      0.09999996889127162,
      0.09999996884873545,
      0.5000000005428368
    ]
  ],
  "S_row_names": [
    "x_0",
    "x_star",
    "grad_f(x_0)",
    "grad_f(x_1)",
    "grad_f(x_2)",
    "grad_f(x_3)",
    "grad_f(x_4)"
  ],
  "S_col_names": [
    "x_0",
    "x_star",
    "grad_f(x_0)",
    "grad_f(x_1)",
    "grad_f(x_2)",
    "grad_f(x_3)",
    "grad_f(x_4)"
  ],
  "basis_vectors": [
    "x_0",
    "x_star",
    "grad_f(x_0)",
    "grad_f(x_1)",
    "grad_f(x_2)",
    "grad_f(x_3)",
    "grad_f(x_4)"
  ],
  "lambda_matrix": [
    [
      0.0,
      0.12499999813215341,
      0.0,
      0.0,
      0.0,
      0.0
    ],
    [
      0.0,
      0.0,
      0.2857142985284252,
      0.0,
      0.0,
      0.0
    ],
    [
      0.0,
      0.0,
      0.0,
      0.5000000375065803,
      0.0,
      0.0
    ],
    [
      0.0,
      0.0,
      0.0,
      0.0,
      0.8000000625764394,
      0.0
    ],
    [
      0.0,
      0.0,
      0.0,
      0.0,
      0.0,
      0.0
    ],
    [
      0.12499999813214815,
      0.16071430039626722,
      0.21428573897815764,
      0.3000000250698725,
      0.19999993742355707,
      0.0
    ]
  ],
  "lambda_row_names": [
    "x_0",
    "x_1",
    "x_2",
    "x_3",
    "x_4",
    "x_star"
  ],
  "lambda_col_names": [
    "x_0",
    "x_1",
    "x_2",
    "x_3",
    "x_4",
    "x_star"
  ],
  "relaxed_constraints": [
    "f:x_0,x_0",
    "f:x_0,x_2",
    "f:x_0,x_3",
    "f:x_0,x_4",
    "f:x_0,x_star",
    "f:x_1,x_0",
    "f:x_1,x_1",
    "f:x_1,x_3",
    "f:x_1,x_4",
    "f:x_1,x_star",
    "f:x_2,x_0",
    "f:x_2,x_1",
    "f:x_2,x_2",
    "f:x_2,x_4",
    "f:x_2,x_star",
    "f:x_3,x_0",
    "f:x_3,x_1",
    "f:x_3,x_2",
    "f:x_3,x_3",
    "f:x_3,x_star",
    "f:x_4,x_0",
    "f:x_4,x_1",
    "f:x_4,x_2",
    "f:x_4,x_3",
    "f:x_4,x_4",
    "f:x_4,x_star"
  ],
  "active_constraints": [
    "f:x_0,x_1",
    "f:x_1,x_2",
    "f:x_2,x_3",
    "f:x_3,x_4",
    "f:x_star,x_0",
    "f:x_star,x_1",
    "f:x_star,x_2",
    "f:x_star,x_3",
    "f:x_star,x_4",
    "f:x_star,x_star"
  ]
}