{
  "N": 4,
  "opt_value": 0.05555562600367351,
  "tau_sol": 0.05555557330346941,
  "S_matrix": [
    [
      0.055555569770538625,
      -0.05555556977053859,
      -0.06146446724643166,
      -0.07492892307336355,
      -0.09161489577108786,
      -0.12829629698399,
      -0.14369549047100338
    ],
    [
      -0.05555556977053859,
      0.05555556977053851,
      0.06146446724643172,
      0.07492892307336352,
      0.09161489577108782,
      0.12829629698398992,
      0.1436954904710034
    ],
    [
      -0.06146446724643166,
      0.06146446724643172,
      0.12292889957467949,
      0.06685663964401335,
      0.09140248134801558,
      0.12829620197991948,
      0.14369556740033343
    ],
    [
      -0.07492892307336355,
      0.07492892307336352,
      0.06685663964401335,
      0.21272088127760103,
      0.0999241427823888,
      0.15116134647177096,
      0.14369558996691473
    ],
    [
      -0.09161489577108786,
      0.09161489577108782,
      0.09140248134801558,
      0.0999241427823888,
      0.2708998604858355,
      0.18414379703131767,
      0.17816145625662907
    ],
    [
      -0.12829629698399,
      0.12829629698398992,
      0.12829620197991948,
      0.15116134647177096,
      0.18414379703131767,
      0.44642405741777597,
      0.24463704814896686
    ],
    [
      -0.14369549047100338,
      0.1436954904710034,
      0.14369556740033343,
      0.14369558996691473,
      0.17816145625662907,
      0.24463704814896686,
      0.5830779319277944
    ]
  ],
  "S_row_names": [
    "x_0",
    "x_star",
    "grad_f(x_0)",
    "grad_f(x_1)",
    "grad_f(x_2)",
    "grad_f(x_3)",
    "grad_f(x_4)"
  ],
  "S_col_names": [
    "x_0",
    "x_star",
    "grad_f(x_0)",
    "grad_f(x_1)",
    "grad_f(x_2)",
    "grad_f(x_3)",
    "grad_f(x_4)"
  ],
  "basis_vectors": [
    "x_0",
    "x_star",
    "grad_f(x_0)",
    "grad_f(x_1)",
    "grad_f(x_2)",
    "grad_f(x_3)",
    "grad_f(x_4)"
  ],
  "lambda_matrix": [
    [
      0.0,
      0.06286309772247899,
      0.023549305403552316,
      0.05266093718754844,
      -5.746912861262897e-23,
      4.5074918411652504e-18
    ],
    [
      0.015719757531436146,
      0.0,
      0.06412084565056433,
      0.07087926330753685,
      0.06893173811548788,
      0.0
    ],
    [
      0.00042466730764329457,
      9.792270181443585e-25,
      0.0,
      0.06629137353483704,
      0.21602891188476003,
      0.0
    ],
    [
      0.0,
      0.006930686975807273,
      0.011845043627964872,
      0.0,
      0.5107260613394345,
      0.0
    ],
    [
      8.543999870885514e-09,
      2.2768055664815836e-09,
      0.0,
      0.08307775432993253,
      0.0,
      0.0
    ],
    [
      0.12292890578076211,
      0.14985779479278338,
      0.1832297242182778,
      0.2565925033508231,
      0.2873911430014115,
      0.0
    ]
  ],
  "lambda_row_names": [
    "x_0",
    "x_1",
    "x_2",
    "x_3",
    "x_4",
    "x_star"
  ],
  "lambda_col_names": [
    "x_0",
    "x_1",
    "x_2",
    "x_3",
    "x_4",
    "x_star"
  ]
}