{
  "N": 4,
  "opt_value": 0.2500006838497029,
  "tau_sol": 0.2500000635814464,
  "S_matrix": [
    [
      0.25000006116604595,
      -0.25000006116604545,
      -5.422364256141301e-09,
      8.79412757594267e-11,
      -1.0673290202232695e-08,
      1.8502852674461617e-10,
      -1.622914868528419e-08,
      3.165764676478626e-10,
      -1.0820779214776707e-08,
      -0.4999995096301311
    ],
    [
      -0.25000006116604545,
      0.2500000611660456,
      5.422364431485585e-09,
      -8.794129454116435e-11,
      1.0673290280676191e-08,
      -1.8502843258358213e-10,
      1.622914885370699e-08,
      -3.16576345079901e-10,
      1.0820779228619677e-08,
      0.4999995096301313
    ],
    [
      -5.422364256141301e-09,
      5.422364431485585e-09,
      -5.481536371451872e-16,
      -1.4765834436473603e-16,
      -3.6914586091184007e-17,
      -1.2920105131914402e-16,
      0.0,
      -2.9531668872947205e-16,
      3.1377398177506404e-16,
      1.084471525533187e-08
    ],
    [
      8.79412757594267e-11,
      -8.794129454116435e-11,
      -1.4765834436473603e-16,
      -2.4797426442282276e-16,
      -2.2148751654710405e-16,
      -5.0757555875378005e-17,
      2.3071616306990002e-17,
      -1.0151511175075601e-16,
      -3.749137649885875e-17,
      -1.75882221126098e-10
    ],
    [
      -1.0673290202232695e-08,
      1.0673290280676191e-08,
      -3.6914586091184007e-17,
      -2.2148751654710405e-16,
      4.176408663963331e-16,
      -7.382917218236801e-17,
      8.121208940060481e-16,
      -1.8457293045592001e-16,
      3.50688567866248e-16,
      2.1346554432746912e-08
    ],
    [
      1.8502852674461617e-10,
      -1.8502843258358213e-10,
      -1.2920105131914402e-16,
      -5.0757555875378005e-17,
      -7.382917218236801e-17,
      -1.0441021659908328e-16,
      -1.8457293045592001e-16,
      -1.8457293045592001e-16,
      1.8457293045592003e-17,
      -3.700565796559124e-10
    ],
    [
      -1.622914868528419e-08,
      1.622914885370699e-08,
      0.0,
      2.3071616306990002e-17,
      8.121208940060481e-16,
      -1.8457293045592001e-16,
      5.220510829954164e-16,
      -5.5371879136776e-16,
      7.01377135732496e-16,
      3.245825761355916e-08
    ],
    [
      3.165764676478626e-10,
      -3.16576345079901e-10,
      -2.9531668872947205e-16,
      -1.0151511175075601e-16,
      -1.8457293045592001e-16,
      -1.8457293045592001e-16,
      -5.5371879136776e-16,
      -7.308715161935829e-16,
      -2.0303022350151202e-16,
      -6.331520256972522e-10
    ],
    [
      -1.0820779214776707e-08,
      1.0820779228619677e-08,
      3.1377398177506404e-16,
      -3.749137649885875e-17,
      3.50688567866248e-16,
      1.8457293045592003e-17,
      7.01377135732496e-16,
      -2.0303022350151202e-16,
      -3.1323064979724987e-16,
      2.164153191565196e-08
    ],
    [
      -0.4999995096301311,
      0.4999995096301313,
      1.084471525533187e-08,
      -1.75882221126098e-10,
      2.1346554432746912e-08,
      -3.700565796559124e-10,
      3.245825761355916e-08,
      -6.331520256972522e-10,
      2.164153191565196e-08,
      0.9999977938578442
    ]
  ],
  "S_row_names": [
    "x_0.5",
    "x_star",
    "A(x_0.5)",
    "A(x_1)",
    "A(x_1.5)",
    "A(x_2)",
    "A(x_2.5)",
    "A(x_3)",
    "A(x_3.5)",
    "A(x_4)"
  ],
  "S_col_names": [
    "x_0.5",
    "x_star",
    "A(x_0.5)",
    "A(x_1)",
    "A(x_1.5)",
    "A(x_2)",
    "A(x_2.5)",
    "A(x_3)",
    "A(x_3.5)",
    "A(x_4)"
  ],
  "basis_vectors": [
    "x_0.5",
    "x_star",
    "A(x_0.5)",
    "A(x_1)",
    "A(x_1.5)",
    "A(x_2)",
    "A(x_2.5)",
    "A(x_3)",
    "A(x_3.5)",
    "A(x_4)"
  ],
  "lambda_groups": {
    "Monotone Operator Inequality": {
      "matrix": [
        [
          0.0,
          0.0,
          0.0,
          0.0,
          0.0,
          0.0,
          0.0,
          0.0
        ],
        [
          0.0,
          0.0,
          0.4999994682449007,
          0.0,
          0.0,
          0.0,
          0.0,
          0.0
        ],
        [
          0.0,
          0.0,
          0.0,
          0.0,
          0.0,
          0.0,
          0.0,
          0.0
        ],
        [
          0.0,
          0.0,
          0.0,
          0.0,
          1.4999983564178452,
          0.0,
          0.0,
          0.0
        ],
        [
          0.0,
          0.0,
          0.0,
          0.0,
          0.0,
          0.0,
          0.0,
          0.0
        ],
        [
          0.0,
          0.0,
          0.0,
          0.0,
          0.0,
          0.0,
          2.9999966509919602,
          0.0
        ],
        [
          0.0,
          0.0,
          0.0,
          0.0,
          0.0,
          0.0,
          0.0,
          0.0
        ],
        [
          0.0,
          0.0,
          0.0,
          0.0,
          0.0,
          0.0,
          0.0,
          0.9999990131348162
        ]
      ],
      "row_names": [
        "x_0.5",
        "x_1",
        "x_1.5",
        "x_2",
        "x_2.5",
        "x_3",
        "x_3.5",
        "x_4"
      ],
      "col_names": [
        "x_1",
        "x_1.5",
        "x_2",
        "x_2.5",
        "x_3",
        "x_3.5",
        "x_4",
        "x_star"
      ]
    },
    "Lipschitz Continuous Inequality": {
      "matrix": [
        [
          0.12499986758264331,
          0.0,
          0.0,
          0.0,
          0.0,
          0.0,
          0.0,
          0.0
        ],
        [
          0.0,
          0.0,
          0.0,
          0.0,
          0.0,
          0.0,
          0.0,
          0.0
        ],
        [
          0.0,
          0.0,
          0.49999946086511293,
          0.0,
          0.0,
          0.0,
          0.0,
          0.0
        ],
        [
          0.0,
          0.0,
          0.0,
          0.0,
          0.0,
          0.0,
          0.0,
          0.0
        ],
        [
          0.0,
          0.0,
          0.0,
          0.0,
          1.1249987624851263,
          0.0,
          0.0,
          0.0
        ],
        [
          0.0,
          0.0,
          0.0,
          0.0,
          0.0,
          0.0,
          0.0,
          0.0
        ],
        [
          0.0,
          0.0,
          0.0,
          0.0,
          0.0,
          0.0,
          1.9999977981330896,
          0.0
        ],
        [
          0.0,
          0.0,
          0.0,
          0.0,
          0.0,
          0.0,
          0.0,
          0.0
        ]
      ],
      "row_names": [
        "x_0.5",
        "x_1",
        "x_1.5",
        "x_2",
        "x_2.5",
        "x_3",
        "x_3.5",
        "x_4"
      ],
      "col_names": [
        "x_1",
        "x_1.5",
        "x_2",
        "x_2.5",
        "x_3",
        "x_3.5",
        "x_4",
        "x_star"
      ]
    }
  },