{
  "N": 4,
  "opt_value": 0.24999917445613748,
  "tau_sol": 0.24999989832167324,
  "S_matrix": [
    [
      0.2500000100371034,
      -0.25000001003710354,
      -2.4307985791612826e-08,
      -2.3970503763761785e-09,
      -3.5243758316824233e-08,
      -1.0605811106303798e-08,
      -3.286417528745903e-08,
      -1.232066285379006e-08,
      1.0108181007139482e-07,
      -0.500001131343194
    ],
    [
      -0.25000001003710354,
      0.25000001003710365,
      2.4307985733669343e-08,
      2.3970503585474163e-09,
      3.524375829008109e-08,
      1.0605811088475035e-08,
      3.2864175278544656e-08,
      1.2320662835961295e-08,
      -1.0108181008030918e-07,
      0.5000011313431942
    ],
    [
      -2.4307985791612826e-08,
      2.4307985733669343e-08,
      1.8658121807001636e-15,
      3.3874649273618064e-16,
      3.1735197740547446e-15,
      1.0608113851475132e-15,
      3.311692685565555e-15,
      1.272527943107626e-15,
      -9.781304977757215e-15,
      4.861607972804346e-08
    ],
    [
      -2.3970503763761785e-09,
      2.3970503585474163e-09,
      3.3874649273618064e-16,
      -2.521367811756978e-17,
      3.3874649273618064e-16,
      1.0697257665353072e-16,
      3.7440401828735753e-16,
      9.80581952657365e-17,
      -1.0073250968207476e-15,
      4.7941114321812605e-09
    ],
    [
      -3.5243758316824233e-08,
      3.524375829008109e-08,
      3.1735197740547446e-15,
      3.3874649273618064e-16,
      4.7905988423382575e-15,
      1.408472259271488e-15,
      4.644392703040793e-15,
      1.7293899892320799e-15,
      -1.4307582127409733e-14,
      7.048767315235687e-08
    ],
    [
      -1.0605811106303798e-08,
      1.0605811088475035e-08,
      1.0608113851475132e-15,
      1.0697257665353072e-16,
      1.408472259271488e-15,
      3.5299149364597693e-16,
      1.3906434964958994e-15,
      4.813765949408883e-16,
      -4.3413037358557885e-15,
      2.1211669262712558e-08
    ],
    [
      -3.286417528745903e-08,
      3.2864175278544656e-08,
      3.311692685565555e-15,
      3.7440401828735753e-16,
      4.644392703040793e-15,
      1.3906434964958994e-15,
      4.336752636222002e-15,
      1.6224174125785494e-15,
      -1.3300257030588986e-14,
      6.572849672620092e-08
    ],
    [
      -1.232066285379006e-08,
      1.2320662835961295e-08,
      1.272527943107626e-15,
      9.80581952657365e-17,
      1.7293899892320799e-15,
      4.813765949408883e-16,
      1.6224174125785494e-15,
      5.547009185865352e-16,
      -5.036625484103738e-15,
      2.4641380415138693e-08
    ],
    [
      1.0108181007139482e-07,
      -1.0108181008030918e-07,
      -9.781304977757215e-15,
      -1.0073250968207476e-15,
      -1.4307582127409733e-14,
      -4.3413037358557885e-15,
      -1.3300257030588986e-14,
      -5.036625484103738e-15,
      4.0795731194227904e-14,
      -2.021640695613273e-07
    ],
    [
      -0.500001131343194,
      0.5000011313431942,
      4.861607972804346e-08,
      4.7941114321812605e-09,
      7.048767315235687e-08,
      2.1211669262712558e-08,
      6.572849672620092e-08,
      2.4641380415138693e-08,
      -2.021640695613273e-07,
      1.0000044852293015
    ]
  ],
  "S_row_names": [
    "x_0.5",
    "x_star",
    "A(x_0.5)",
    "A(x_1)",
    "A(x_1.5)",
    "A(x_2)",
    "A(x_2.5)",
    "A(x_3)",
    "A(x_3.5)",
    "A(x_4)"
  ],
  "S_col_names": [
    "x_0.5",
    "x_star",
    "A(x_0.5)",
    "A(x_1)",
    "A(x_1.5)",
    "A(x_2)",
    "A(x_2.5)",
    "A(x_3)",
    "A(x_3.5)",
    "A(x_4)"
  ],
  "basis_vectors": [
    "x_0.5",
    "x_star",
    "A(x_0.5)",
    "A(x_1)",
    "A(x_1.5)",
    "A(x_2)",
    "A(x_2.5)",
    "A(x_3)",
    "A(x_3.5)",
    "A(x_4)"
  ],
  "lambda_groups": {
    "Monotone Operator Inequality": {
      "matrix": [
        [
          0.0,
          0.0,
          0.0,
          0.0,
          0.0,
          0.0,
          0.0,
          0.0
        ],
        [
          0.0,
          0.0,
          0.5000010727096553,
          0.0,
          0.0,
          0.0,
          0.0,
          1.3020050905101332e-17
        ],
        [
          0.0,
          0.0,
          6.105089350357343e-18,
          0.0,
          0.0,
          0.0,
          8.522625682950861e-19,
          0.0
        ],
        [
          0.0,
          0.0,
          0.0,
          0.0,
          1.500003356057197,
          0.0,
          0.0,
          0.0
        ],
        [
          0.0,
          0.0,
          0.0,
          0.0,
          0.0,
          0.0,
          0.0,
          0.0
        ],
        [
          0.0,
          0.0,
          0.0,
          0.0,
          0.0,
          0.0,
          3.0000063132539205,
          0.0
        ],
        [
          0.0,
          0.0,
          0.0,
          0.0,
          0.0,
          0.0,
          7.324248322509743e-19,
          0.0
        ],
        [
          0.0,
          0.0,
          0.0,
          0.0,
          0.0,
          0.0,
          0.0,
          1.0000022908425277
        ]
      ],
      "row_names": [
        "x_0.5",
        "x_1",
        "x_1.5",
        "x_2",
        "x_2.5",
        "x_3",
        "x_3.5",
        "x_4"
      ],
      "col_names": [
        "x_1",
        "x_1.5",
        "x_2",
        "x_2.5",
        "x_3",
        "x_3.5",
        "x_4",
        "x_star"
      ]
    },
    "Lipschitz Continuous Inequality": {
      "matrix": [
        [
          0.1250002062327002,
          2.648685617705751e-19,
          0.0,
          0.0,
          0.0,
          -9.435630290729418e-19,
          3.532669891871743e-18,
          0.0
        ],
        [
          0.0,
          0.0,
          0.0,
          0.0,
          7.01759021981085e-18,
          0.0,
          0.0,
          0.0
        ],
        [
          0.0,
          0.0,
          0.5000011082188257,
          0.0,
          0.0,
          0.0,
          0.0,
          0.0
        ],
        [
          0.0,
          0.0,
          0.0,
          0.0,
          0.0,
          0.0,
          0.0,
          0.0
        ],
        [
          0.0,
          0.0,
          0.0,
          0.0,
          1.1250025278570803,
          0.0,
          0.0,
          3.1990905258967117e-18
        ],
        [
          0.0,
          0.0,
          0.0,
          0.0,
          0.0,
          0.0,
          0.0,
          0.0
        ],
        [
          0.0,
          0.0,
          0.0,
          0.0,
          0.0,
          0.0,
          2.0000044876063026,
          0.0
        ],
        [
          0.0,
          0.0,
          0.0,
          0.0,
          0.0,
          0.0,
          0.0,
          0.0
        ]
      ],
      "row_names": [
        "x_0.5",
        "x_1",
        "x_1.5",
        "x_2",
        "x_2.5",
        "x_3",
        "x_3.5",
        "x_4"
      ],
      "col_names": [
        "x_1",
        "x_1.5",
        "x_2",
        "x_2.5",
        "x_3",
        "x_3.5",
        "x_4",
        "x_star"
      ]
    }
  }
}